comments,body,bodywithurls,createdAt,createdAtformatted,creator,datatype,depth,depthRaw,followers,following,hashtags,id,lastseents,links,media,posts,sensitive,shareLink,upvotes,urls,username,verified,article,impressions,preview,reposts,state,parent,color,commentDepth,controversy,downvotes,post,score,isPrimary,conversation,replyingTo
1,Warnock is a racist lying piece of shit,"Warnock is a racist lying piece of shit
",20201122203038.0,2020-11-22 20:30:38 UTC,701d82dbd28948df810ae688ee407423,comments,1.0,1.0,150.0,36.0,[],ab06d8a3bf634afda75fdd86eb4ad06e,2021-01-09T16:06:40.983490+00:00,[],0.0,632.0,False,https://parler.com/comment/ab06d8a3bf634afda75fdd86eb4ad06e,2.0,[],Brorick61,False,,,,,,51d219364d2b40d88eaf169a8d61889e,#a60303,0.0,0.0,0.0,51d219364d2b40d88eaf169a8d61889e,2.0,True,,
0,Freedom with President Trump Australia 🇦🇺,"Freedom with President Trump Australia 🇦🇺
",20201123195223.0,2020-11-23 19:52:23 UTC,38849593ccd34dfba79846cc74795530,comments,1.0,1.0,568.0,78.0,[],85856a5ecf474c43a68f27960a1a418e,2020-12-25T11:42:52.605814+00:00,[],0.0,6600.0,False,https://parler.com/comment/85856a5ecf474c43a68f27960a1a418e,0.0,[],Peterandlindamacdonnell,False,,,,,,ebed556110f64d1b8facd5a07fca64fc,#a60303,0.0,0.0,0.0,ebed556110f64d1b8facd5a07fca64fc,0.0,True,,
0,❣️💯‼️,"❣️💯‼️
",20201114143504.0,2020-11-14 14:35:04 UTC,b7d1aa6351a944f1aee73de7f3adb14b,comments,2.0,2.0,1200.0,1000.0,[],f8d93df711da4bb3a1a33e981538597f,2021-01-08T22:51:45.662688+00:00,[],222.0,429.0,False,https://parler.com/comment/f8d93df711da4bb3a1a33e981538597f,0.0,[],DreamWeaver1,False,,,,,,677345a8eb554539b53e4b92c193f204,#808080,1.0,0.0,0.0,bb67cbdd7e644d7caf43d6435c219d80,0.0,False,,
0,My home state!! The excitement for Trump was off the charts!!,"My home state!! The excitement for Trump was off the charts!!
",20201104033429.0,2020-11-04 03:34:29 UTC,538dd3200d8cdefa683012ccc1a055f8,comments,1.0,1.0,145.0,43.0,[],938b10face544e4789a45e403b951c42,2021-01-08T06:10:30.319650+00:00,[],3.0,26.0,False,https://parler.com/comment/938b10face544e4789a45e403b951c42,7.0,[],IndependentGal,False,,,,,,4c10499db1a04ef18f7027afdfdabec4,#a60303,0.0,0.0,0.0,4c10499db1a04ef18f7027afdfdabec4,7.0,True,,
0,"Amen brother, God is what made this country great to begin with.","Amen brother, God is what made this country great to begin with.
",20201121053151.0,2020-11-21 05:31:51 UTC,8310dda14a8d4a7ab60b73da18a542ee,comments,2.0,2.0,10000.0,17000.0,[],995b3f4ca9724f57ba5956b909533796,2021-01-09T23:53:22.718556+00:00,[],43.0,724.0,False,https://parler.com/comment/995b3f4ca9724f57ba5956b909533796,0.0,[],MagaMikeMoore,False,,,,,,6ca25fa371094ae381effb968f5ff623,#808080,1.0,0.0,0.0,a069ea167bc64f0dad6fa030e7d66b23,0.0,False,,
1,Joe looks very happy in this photo. *eyeroll*,"Joe looks very happy in this photo. *eyeroll*
",20201129221351.0,2020-11-29 22:13:51 UTC,f43b921cd2234d5dbca6e96fc6e54be5,comments,1.0,1.0,630.0,839.0,[],d51c79e418b04f8ca84d38ce61365d46,2020-12-25T08:13:50.222662+00:00,[],6.0,2400.0,False,https://parler.com/comment/d51c79e418b04f8ca84d38ce61365d46,1.0,[],Ferdinand0,False,,,,,,e0a73ea1ed01476c883db5f95bedf58f,#a60303,0.0,0.0,0.0,e0a73ea1ed01476c883db5f95bedf58f,1.0,True,,
0,Amazing,"Amazing
",20201124231850.0,2020-11-24 23:18:50 UTC,bcd91e184c944fd4bc8caacd2514c297,comments,1.0,1.0,34.0,106.0,[],6aa6ec6e59d44b11aea85ce86f0a34ca,2021-01-09T18:39:09.786124+00:00,[],0.0,67.0,False,https://parler.com/comment/6aa6ec6e59d44b11aea85ce86f0a34ca,0.0,[],zurco,False,,,,,,88936cc4fc684a0980a0e5cbf2103205,#a60303,0.0,0.0,0.0,88936cc4fc684a0980a0e5cbf2103205,0.0,True,,
0,@Jop84151 🤣🤣🤣🤣🤣🤣🤣🤣🤣🤣. I love it! Made my day! 😊 I bow before your wittiness!,"@Jop84151 🤣🤣🤣🤣🤣🤣🤣🤣🤣🤣. I love it! Made my day! 😊 I bow before your wittiness!
",20190909193150.0,2019-09-09 19:31:50 UTC,0f90060e69794aa8a1d8c28b56adc22f,comments,11.0,11.0,10000.0,14000.0,[],63f4c44f07434216889eba084c2a4e01,2020-12-13T11:54:49.601185+00:00,[],403.0,23000.0,False,https://parler.com/comment/63f4c44f07434216889eba084c2a4e01,0.0,[],Climmyr50,False,,,,,,d9c9fd5e4a0b400ab476314a07937e81,#df529f,1.0,0.0,0.0,ce2c5a368f374e69adbcc3646071008f,0.0,,ce291399d7854c61a0b0b27f14c46dbf,ae1b5714eca748bb91d0ebfd9dfc6def
0,"#saveamerica 
#marchfortrump #proudboys #supporttrump #kag #trump2020 #1776
#americafirst #dominion
#maga #maga2020 #wwg1wga #kag2020 #adrenochrome #thesepeoplearesick #bidencrimefamily #frazzledrip #pedowood #democratcriminalcabal #elections2020 #pedogate #obamagate
#GODWINS #patriots 
#mailinballots #whereshunter #laptopfromhell 
#treason 
#stopthesteal #holdtheline #poyb #nevergiveup #standup #maxwell #epstein @davidwilliams128
@TheProudBoys #thesepeopleareevil #hrc #orionlines #freedom 
#USA #truth #1a #2a 
#tunnels #communism
#humantrafficking
#trump #satanist #clintonbodycount
@teamtrump
#savethechildren
@warroompandemic
#voterfraud #electionfraud 
#greatestpresidentever
@theinfowars #smartmatic #releasethekraken
#digitalsoldiers
#wakeupamerica #walkaway #kracken @davidwilliams128
#qanonarmy
#GodblessAmerica @HowieCarr #bigtech #Trump2020landslide
@EricTrump #Trumptrain 
Don’t lockdown🔥
‼️IT IS NOT THE LAW‼️#fightback in masses #resist #revolution #sayit
#wearethenewsnow","#saveamerica 
#marchfortrump #proudboys #supporttrump #kag #trump2020 #1776
#americafirst #dominion
#maga #maga2020 #wwg1wga #kag2020 #adrenochrome #thesepeoplearesick #bidencrimefamily #frazzledrip #pedowood #democratcriminalcabal #elections2020 #pedogate #obamagate
#GODWINS #patriots 
#mailinballots #whereshunter #laptopfromhell 
#treason 
#stopthesteal #holdtheline #poyb #nevergiveup #standup #maxwell #epstein @davidwilliams128
@TheProudBoys #thesepeopleareevil #hrc #orionlines #freedom 
#USA #truth #1a #2a 
#tunnels #communism
#humantrafficking
#trump #satanist #clintonbodycount
@teamtrump
#savethechildren
@warroompandemic
#voterfraud #electionfraud 
#greatestpresidentever
@theinfowars #smartmatic #releasethekraken
#digitalsoldiers
#wakeupamerica #walkaway #kracken @davidwilliams128
#qanonarmy
#GodblessAmerica @HowieCarr #bigtech #Trump2020landslide
@EricTrump #Trumptrain 
Don’t lockdown🔥
‼️IT IS NOT THE LAW‼️#fightback in masses #resist #revolution #sayit
#wearethenewsnow
",20201127145741.0,2020-11-27 14:57:41 UTC,d8351de608ea4442a8feeb58c4bd191a,comments,5.0,5.0,4200.0,954.0,"['saveamerica', 'marchfortrump', 'proudboys', 'supporttrump', 'kag', 'trump2020', '1776', 'americafirst', 'dominion', 'maga', 'maga2020', 'wwg1wga', 'kag2020', 'adrenochrome', 'thesepeoplearesick', 'bidencrimefamily', 'frazzledrip', 'pedowood', 'democratcriminalcabal', 'elections2020', 'pedogate', 'obamagate', 'godwins', 'patriots', 'mailinballots', 'whereshunter', 'laptopfromhell', 'treason', 'stopthesteal', 'holdtheline', 'poyb', 'nevergiveup', 'standup', 'maxwell', 'epstein', 'thesepeopleareevil', 'hrc', 'orionlines', 'freedom', 'usa', 'truth', '1a', '2a', 'tunnels', 'communism', 'humantrafficking', 'trump', 'satanist', 'clintonbodycount', 'savethechildren', 'voterfraud', 'electionfraud', 'greatestpresidentever', 'smartmatic', 'releasethekraken', 'digitalsoldiers', 'wakeupamerica', 'walkaway', 'kracken', 'qanonarmy', 'godblessamerica', 'bigtech', 'trump2020landslide', 'trumptrain', 'fightback', 'resist', 'revolution', 'sayit', 'wearethenewsnow']",3dbb86f199e24c6f96c013d9166ad565,2021-01-09T23:01:07.470094+00:00,[],250.0,17000.0,False,https://parler.com/comment/3dbb86f199e24c6f96c013d9166ad565,0.0,[],Reeseysnotsorry,False,,,,,,7674903ad84347cfb3c38fc79f2d0941,#808080,1.0,0.0,0.0,01180b83549e45188a2b4e1f8372acb0,0.0,False,,
-1,It ain't over til the FAT lady sings!,"It ain't over til the FAT lady sings!
",20201108225531.0,2020-11-08 22:55:31 UTC,1750d336c8524a6d96207ad6e0f037b8,comments,1.0,1.0,24.0,24.0,[],3246a2db420c44768b6a1aafddcff8b5,2021-01-08T20:08:52.408403+00:00,[],1.0,67.0,False,https://parler.com/comment/3246a2db420c44768b6a1aafddcff8b5,0.0,[],adh1982,False,,,,,,88936cc4fc684a0980a0e5cbf2103205,#a60303,0.0,0.0,0.0,88936cc4fc684a0980a0e5cbf2103205,0.0,True,,
-1,"This is why General Flynn has been activated, why POTUS just installed Watnik as heading the ""Declassification Committee"". And, why POTUS will make a test (maybe the real-deal) of the EBS TOMORROW. POTUS is about to unleash classified intelligence to bring them ALL DOWN. Watch.","This is why General Flynn has been activated, why POTUS just installed Watnik as heading the ""Declassification Committee"". And, why POTUS will make a test (maybe the real-deal) of the EBS TOMORROW. POTUS is about to unleash classified intelligence to bring them ALL DOWN. Watch.
",20201224004839.0,2020-12-24 00:48:39 UTC,b87c265ae372470e914a894f72cfac0e,comments,1.0,1.0,659.0,28.0,[],24cfdf510de247c992bf02fdbe4232e6,2021-01-09T06:14:45.611542+00:00,[],364.0,1100.0,False,https://parler.com/comment/24cfdf510de247c992bf02fdbe4232e6,1.0,[],Rotogrip5,False,,,,,,f4991905b4344a2fa1282cbf15eb0564,#a60303,0.0,0.0,0.0,f4991905b4344a2fa1282cbf15eb0564,1.0,True,,
1,That'svery interesting...,"That'svery interesting...
",20200902122748.0,2020-09-02 12:27:48 UTC,dff346b227ef4496a1fb3fb5f689a66e,comments,2.0,2.0,76.0,116.0,[],e778e766e7c5440892b2dc0268c9cfeb,2021-01-09T10:14:48.160623+00:00,[],6.0,51.0,False,https://parler.com/comment/e778e766e7c5440892b2dc0268c9cfeb,0.0,[],Natashacharlton,False,,,,,,045688da9a14424fb71ec5b4e9b8ceca,#3f9f7f,1.0,0.0,0.0,ca545fbc1f924fcf8348088d99d6bd6a,0.0,,7208b13e0015433e9e40cb759585ce56,
1,SAFE CITIES.,"SAFE CITIES.
",20201021230818.0,2020-10-21 23:08:18 UTC,e11890c2ffc348df9cb703651a3cc9c0,comments,1.0,1.0,16000.0,9200.0,[],dc6dac9887d343aaa7497793ae1cdd96,2020-12-19T08:06:14.227039+00:00,[],7300.0,69000.0,False,https://parler.com/comment/dc6dac9887d343aaa7497793ae1cdd96,1.0,[],LibertyElaine,False,,,,,,978fae5f66b244a58d2f00ff7090ff3e,#a60303,0.0,0.0,0.0,978fae5f66b244a58d2f00ff7090ff3e,1.0,True,,
0,Hooray! Awesome!,"Hooray! Awesome!
",20200928223352.0,2020-09-28 22:33:52 UTC,3e599431325943e8bbb91da0e6c7a331,comments,4.0,4.0,11000.0,18000.0,[],e296f26d0b4a42ffb9c909336ad35c1b,2020-12-30T08:48:49.515921+00:00,[],0.0,17000.0,False,https://parler.com/comment/e296f26d0b4a42ffb9c909336ad35c1b,0.0,[],debbygold127,False,,,,,,f0da2a9c881942bf95fe01d0f61be627,#a60303,0.0,0.0,0.0,f0da2a9c881942bf95fe01d0f61be627,0.0,True,,
0,Sorry but that makes no sense.,"Sorry but that makes no sense.
",20201104000001.0,2020-11-04 00:00:01 UTC,e709ecee5f684ac6b4b8f3a1f9609d9a,comments,1.0,1.0,152.0,119.0,[],77819a6499864e298c51a1e99f794024,2021-01-09T22:34:24.832251+00:00,[],0.0,484.0,False,https://parler.com/comment/77819a6499864e298c51a1e99f794024,0.0,[],Sabrinamre,False,,,,,,69d2461913bf4ee8b788962135a37af2,#a60303,0.0,0.0,0.0,69d2461913bf4ee8b788962135a37af2,0.0,True,,
0,Not getting too excited but I really pray so!,"Not getting too excited but I really pray so!
",20201005194656.0,2020-10-05 19:46:56 UTC,49ca9805c41f4a2389cfa2f14531fde8,comments,1.0,1.0,57.0,77.0,[],7f1c2969dad84e33bd2f3bb8ac7faa1c,2021-01-11T06:02:55.054054+00:00,[],1.0,4.0,False,https://parler.com/comment/7f1c2969dad84e33bd2f3bb8ac7faa1c,0.0,[],one4all2020,False,,,,,,6004dfa414ed443ca2c065af395289d1,#a60303,0.0,0.0,0.0,6004dfa414ed443ca2c065af395289d1,0.0,True,,
0,Easy so will graham IMO,"Easy so will graham IMO
",20201103233627.0,2020-11-03 23:36:27 UTC,696c93e2e3864a42bf19d891c6a2c5da,comments,2.0,2.0,22.0,29.0,[],4889f085971f4ad6bc1008e65cfb4bdf,2021-01-06T05:53:34.382562+00:00,[],0.0,2.0,False,https://parler.com/comment/4889f085971f4ad6bc1008e65cfb4bdf,2.0,[],Rmhorrorfan,False,,,,,,147ed11671894538b87a59bdb16eb07d,#808080,1.0,0.0,0.0,69d2461913bf4ee8b788962135a37af2,2.0,False,,
0,Trump knows exactly what he is doing,"Trump knows exactly what he is doing
",20201116003445.0,2020-11-16 00:34:45 UTC,d8f99762a64a4b74a68a789fff021c14,comments,1.0,1.0,608.0,1100.0,[],e19b77f0c4964c2994bb4d06a77a6194,2020-12-04T00:28:44.982158+00:00,[],520.0,1100.0,False,https://parler.com/comment/e19b77f0c4964c2994bb4d06a77a6194,1.0,[],SherryAndersonZumo,False,,,,,,2e4ee036e8924f65b611e290d95737cd,#a60303,0.0,0.0,0.0,2e4ee036e8924f65b611e290d95737cd,1.0,True,,
0,I certainly haven't given up. The ppl who have are no Christians bc without faith you cannot believe in Jesus Christ.,"I certainly haven't given up. The ppl who have are no Christians bc without faith you cannot believe in Jesus Christ.
",20201121052500.0,2020-11-21 05:25:00 UTC,7410c72d4175425290a87c909908a3ca,comments,1.0,1.0,108.0,243.0,[],34dfd79ffe5c47548f47344d1c3fcfd7,2020-12-03T12:39:54.518554+00:00,[],0.0,96.0,False,https://parler.com/comment/34dfd79ffe5c47548f47344d1c3fcfd7,3.0,[],Labellamichelle2,False,,,,,,a069ea167bc64f0dad6fa030e7d66b23,#a60303,0.0,0.0,0,a069ea167bc64f0dad6fa030e7d66b23,3.0,True,,
1,@ps18212022 You are very welcome! No pressure if it’s too expensive for you! I hope it’s within your price range! Let me know how it goes! 💐😊,"@ps18212022 You are very welcome! No pressure if it’s too expensive for you! I hope it’s within your price range! Let me know how it goes! 💐😊
",20190909190407.0,2019-09-09 19:04:07 UTC,0f90060e69794aa8a1d8c28b56adc22f,comments,7.0,7.0,10000.0,14000.0,[],de622b94df43424fa53a378c790baf9d,2020-12-13T11:54:49.601608+00:00,[],403.0,23000.0,False,https://parler.com/comment/de622b94df43424fa53a378c790baf9d,0.0,[],Climmyr50,False,,,,,,d9c9fd5e4a0b400ab476314a07937e81,#df529f,1.0,0.0,0.0,ce2c5a368f374e69adbcc3646071008f,0.0,,ce291399d7854c61a0b0b27f14c46dbf,3a25e403e4dc4f368af4e94a1b7aaa7c
1,"They may not be, but I am happy you posted this. Patriot!!","They may not be, but I am happy you posted this. Patriot!!
",20201127143646.0,2020-11-27 14:36:46 UTC,1176d47b75f0477ba1b2ef99d8d52465,comments,4.0,4.0,79.0,108.0,[],7674903ad84347cfb3c38fc79f2d0941,2020-12-24T09:46:56.953351+00:00,[],5.0,1100.0,False,https://parler.com/comment/7674903ad84347cfb3c38fc79f2d0941,2.0,[],Epdet1,False,,,,,,01180b83549e45188a2b4e1f8372acb0,#a60303,0.0,0.0,0.0,01180b83549e45188a2b4e1f8372acb0,2.0,True,,
1,Good morning ☀️. Ready for another Trumptastic week?,"Good morning ☀️. Ready for another Trumptastic week?
",20201026113537.0,2020-10-26 11:35:37 UTC,8affcd43adee4f41bb9a7661c0eea697,comments,2.0,2.0,17000.0,20000.0,[],8cf0fab672304828ac1e48fec10de793,2021-01-09T18:51:36.313136+00:00,[],1100.0,4500.0,False,https://parler.com/comment/8cf0fab672304828ac1e48fec10de793,1.0,[],TiffanythePatriot,False,,,,,,e726a8e8814e493a8c1e089861b44302,#1fbf5f,1.0,0.0,0.0,4a136471b98b4e0a99caca25c3d0b66e,1.0,,dd13d98abd7344e58489f4031f242148,
0,One murders to get 70 virgins .....The other flights to defend the Constitution. Foreign and domestic.,"One murders to get 70 virgins .....The other flights to defend the Constitution. Foreign and domestic.
",20200903175729.0,2020-09-03 17:57:29 UTC,bdcabc73455144a2971915809c8fe44a,comments,2.0,2.0,11.0,13.0,[],a5c7f6210a5044949df84338f2087070,2021-01-09T23:43:42.881721+00:00,[],7.0,138.0,False,https://parler.com/comment/a5c7f6210a5044949df84338f2087070,0.0,[],Jjminn75,False,,,,,,4601a1a736764d0b927ae73e1cbbe003,#3f1fce,1.0,0.0,0.0,1322d6ec08a3405bbea8e473aea0803b,0.0,,9dce5a68fdab4438bb4228d6f3c808b2,
0,The democrats are part of crimes against our government and need to go to jail!!!,"The democrats are part of crimes against our government and need to go to jail!!!
",20201110141100.0,2020-11-10 14:11:00 UTC,3c527f05771e4c95a0a0f34f80626077,comments,1.0,1.0,878.0,357.0,[],2bf6ebf7ab2f49caa76e1627c0e54c51,2021-01-09T20:05:36.295307+00:00,[],6.0,3700.0,False,https://parler.com/comment/2bf6ebf7ab2f49caa76e1627c0e54c51,0.0,[],Fredrickjward,False,,,,,,b12fec62ba334a5cac87a8908d480368,#a60303,0.0,0.0,0.0,b12fec62ba334a5cac87a8908d480368,0.0,True,,
0,Excellent!! Definitely make more!,"Excellent!! Definitely make more!
",20201124050136.0,2020-11-24 05:01:36 UTC,60421d26b88d460ba3c5ced39b41c4ff,comments,1.0,1.0,222.0,101.0,[],aff33b6dfcc140eea45db38e1eaa4394,2020-12-27T09:43:40.916627+00:00,[],7.0,174.0,False,https://parler.com/comment/aff33b6dfcc140eea45db38e1eaa4394,2.0,[],RitaOlsen,False,,,,,,a01d283452f743e59c67c331af728a3a,#a60303,0.0,0.0,0.0,a01d283452f743e59c67c331af728a3a,2.0,True,,
0,"Oh New York, New York!","Oh New York, New York!
https://image-cdn.parler.com/z/2/z29O94I0Bo.jpeg",20200817201618.0,2020-08-17 20:16:18 UTC,157257e58182465d82374cac7a1f7a3f,comments,1.0,1.0,134.0,59.0,[],b02e7c214769461b9b39e287f89a2b83,2020-12-09T00:50:53.156340+00:00,['0Ul6g'],7.0,360.0,False,https://parler.com/comment/b02e7c214769461b9b39e287f89a2b83,2.0,"[{'createdAt': '20200817201501', 'domain': 'image-cdn.parler.com', 'id': '0Ul6g', 'long': 'https://image-cdn.parler.com/z/2/z29O94I0Bo.jpeg', 'metadata': {'length': 458606, 'mimeType': 'image/jpeg', 'site': 'image-cdn.parler.com'}, 'modified': 'image-cdn.parler.com/z/2/z29O94I0Bo.jpeg', 'short': 'https://api.parler.com/l/0Ul6g', 'state': 'VALID'}]",Cseg,False,,,,,,d40061a5dc7240989e186cf617598b2b,#a60303,0.0,0.0,0.0,d40061a5dc7240989e186cf617598b2b,2.0,True,,
0,Good I hope Rashida Tahib gets thrown out 🤣,"Good I hope Rashida Tahib gets thrown out 🤣
",20201104033535.0,2020-11-04 03:35:35 UTC,68b7fe5f12834471bc9402738bff9c46,comments,1.0,1.0,18000.0,24000.0,[],4734925f0201431a8ed5de3f014bc5b4,2020-12-26T21:27:26.675520+00:00,[],255.0,3600.0,False,https://parler.com/comment/4734925f0201431a8ed5de3f014bc5b4,6.0,[],Kissmygrits,False,,,,,,4c10499db1a04ef18f7027afdfdabec4,#a60303,0.0,0.0,0,4c10499db1a04ef18f7027afdfdabec4,6.0,True,,
0,"Well, that is the First true word you have spoken in almost 4 yrs!!!! But the next part is wrong! If you are still President then You need to act like it!!! @realDonaldJTrumpUSA","Well, that is the First true word you have spoken in almost 4 yrs!!!! But the next part is wrong! If you are still President then You need to act like it!!! @realDonaldJTrumpUSA
",20201121211424.0,2020-11-21 21:14:24 UTC,feb3e7057fa44be0a33315e6f86da66c,comments,1.0,1.0,66.0,31.0,[],27c253d4b14443fba7c7dfe5b3a2f95b,2020-12-27T07:14:50.441072+00:00,[],0.0,241.0,False,https://parler.com/comment/27c253d4b14443fba7c7dfe5b3a2f95b,1.0,[],Bgirlll1958,False,,,,,,777b4b84026f4b9486330756d1ea5d6a,#a60303,0.0,2.0,1,777b4b84026f4b9486330756d1ea5d6a,0.0,True,,
0,Is his security detail BLM or the KKK (the democrat party)?,"Is his security detail BLM or the KKK (the democrat party)?
",20201113230847.0,2020-11-13 23:08:47 UTC,5f3fff87a5a94a4dbbb4b85bdf4efce7,comments,1.0,1.0,38.0,69.0,[],b7fa6de5d71b4b23b28c1f91bdc1bbf4,2021-01-06T08:38:52.451477+00:00,[],3.0,192.0,False,https://parler.com/comment/b7fa6de5d71b4b23b28c1f91bdc1bbf4,0.0,[],Vladdrac1608,False,,,,,,ebd5ae8f76c14c75a4057803105bf81a,#a60303,0.0,0.0,0.0,ebd5ae8f76c14c75a4057803105bf81a,0.0,True,,
0,SHOULD!!!!!!!!!!! lose her seat.,"SHOULD!!!!!!!!!!! lose her seat.
",20200926003237.0,2020-09-26 00:32:37 UTC,215a329ae86e410797eb12b2a3af56b9,comments,1.0,1.0,11000.0,14000.0,[],bc4ab107c4f949bf94a1c03871bf72d2,2021-01-08T22:18:31.422767+00:00,[],1.0,7100.0,False,https://parler.com/comment/bc4ab107c4f949bf94a1c03871bf72d2,1.0,[],chuckskeet,False,,,,,,6434a442f4b3447b98500546b358e29e,#a60303,0.0,0.0,0.0,6434a442f4b3447b98500546b358e29e,1.0,True,,
0,@ItsLittleRach Little harder to figure out! Lol,"@ItsLittleRach Little harder to figure out! Lol
",20201109144049.0,2020-11-09 14:40:49 UTC,8fba12c2e1784c00839d48af4702fa24,comments,3.0,3.0,0.0,6.0,[],15bba744417742a19a024f97dfc22fb7,2021-01-10T03:01:53.403181+00:00,[],0.0,1.0,False,https://parler.com/comment/15bba744417742a19a024f97dfc22fb7,1.0,[],Duz1212,False,,,,,,3725c816ca6a4752afade7203b303fa1,#0000bc,1.0,0.0,0.0,92198e647ce54715bd93ce2f300edbdc,1.0,,abe1b4cbb4104e40b5e027875af7a5dd,77ffa4037c5d4f248d55578ed5d8f267
-1,The constipated news network still at it,"The constipated news network still at it
",20200903190159.0,2020-09-03 19:01:59 UTC,92c6f1986edb4f758a4a3eac914beb27,comments,1.0,1.0,24.0,28.0,[],775db9738d1442f4aaeba5a9774d1902,2021-01-10T05:41:30.099589+00:00,[],0.0,0.0,False,https://parler.com/comment/775db9738d1442f4aaeba5a9774d1902,0.0,[],Dkazorian,False,,,,,,1322d6ec08a3405bbea8e473aea0803b,#a60303,0.0,0.0,0.0,1322d6ec08a3405bbea8e473aea0803b,0.0,True,,
0,Typical member of the Democrat Party Crime Organization,"Typical member of the Democrat Party Crime Organization
",20201119072024.0,2020-11-19 07:20:24 UTC,f0780036e4394ef49c0f559da18ffeb4,comments,1.0,1.0,990.0,299.0,[],f31376a441f84960ba2485da8f1fc0f2,2021-01-09T08:41:46.900515+00:00,[],64.0,1100.0,False,https://parler.com/comment/f31376a441f84960ba2485da8f1fc0f2,1.0,[],Robbimillson,False,,,,,,ab472b6e5b244240b9f8cc9cbae73329,#a60303,0.0,0.0,0.0,ab472b6e5b244240b9f8cc9cbae73329,1.0,True,,
-1,🇺🇲👍,"🇺🇲👍
",20201112070121.0,2020-11-12 07:01:21 UTC,0164262b282a473ba2b33a4c5af8ec4a,comments,1.0,1.0,1900.0,4700.0,[],e6ecb48c265640389c0f19776cf3e5f0,2021-01-10T16:40:02.619566+00:00,[],8.0,4100.0,False,https://parler.com/comment/e6ecb48c265640389c0f19776cf3e5f0,0.0,[],Joetwin1415,False,,,,,,24662b184b9542ba9f3853f233530c89,#a60303,0.0,0.0,0.0,24662b184b9542ba9f3853f233530c89,0.0,True,,
1,@XxPatriot Trump and allies have lost 58 court cases and that is s fact no matter how many times and ways you spin it.,"@XxPatriot Trump and allies have lost 58 court cases and that is s fact no matter how many times and ways you spin it.
",20201212210024.0,2020-12-12 21:00:24 UTC,41e8a26f6b854c48881b9fe9b6eef6e2,comments,3.0,3.0,1.0,20.0,[],90f66d2217af4c9d940c73489678cce3,2020-12-25T04:51:21.454968+00:00,[],0.0,0.0,False,https://parler.com/comment/90f66d2217af4c9d940c73489678cce3,1.0,[],Jl33368,False,,,,,,61630141920a48d8a9c1795643109ee6,#df9f7d,1.0,2.0,1.0,53985299499e4a3ba76c7de0b6ce7fd4,0.0,,7e6e8b651cbd4ade869e710c525e5239,8a37052388ef4d37843aef9dafa5224b
0,hes gona win liek he alwayd does,"hes gona win liek he alwayd does
",20201109065805.0,2020-11-09 06:58:05 UTC,6d4836939e7c4cc9aa51c7251136199a,comments,1.0,1.0,2.0,4.0,[],6598cab7653441b59cb29171133312af,2020-12-25T10:10:55.360532+00:00,[],1.0,3.0,False,https://parler.com/comment/6598cab7653441b59cb29171133312af,2.0,[],trumpdoggr,False,,,,,,92198e647ce54715bd93ce2f300edbdc,#a60303,0.0,0.0,0.0,92198e647ce54715bd93ce2f300edbdc,2.0,True,,
0,Let’s up the landslide includes house and senate leaders as well!,"Let’s up the landslide includes house and senate leaders as well!
",20201024032809.0,2020-10-24 03:28:09 UTC,44cf7fc2baef41a3b481e636376b07dd,comments,2.0,2.0,2700.0,2800.0,[],af24f7363c0e4b38b37ff7603d89197a,2020-12-18T23:55:47.313215+00:00,[],0.0,5600.0,False,https://parler.com/comment/af24f7363c0e4b38b37ff7603d89197a,1.0,[],SocialismKillsTheSoul,False,,,,,,89995f0df91d40cdb547fbd05ebfbcd2,#a60303,0.0,0.0,0.0,89995f0df91d40cdb547fbd05ebfbcd2,1.0,True,,
0,🌱🌱🌱🌱🌱🌱🌱 ❗ yay,"🌱🌱🌱🌱🌱🌱🌱 ❗ yay
",20190612025834.0,2019-06-12 02:58:34 UTC,b4f0ccf4a6ad4504a34045ae2f8cba29,comments,1.0,1.0,2400.0,2400.0,[],4f201cf87f624ccdb7763b3eee9cf849,2021-01-09T10:37:23.252316+00:00,[],0.0,461.0,False,https://parler.com/comment/4f201cf87f624ccdb7763b3eee9cf849,1.0,[],Astragal,False,,,,,,8ee7d388e9884c3db58c9c9b60b50c46,#a60303,0.0,0.0,0.0,8ee7d388e9884c3db58c9c9b60b50c46,1.0,True,,
0,Hope you’re right🙏,"Hope you’re right🙏
",20201108050223.0,2020-11-08 05:02:23 UTC,b8ff1767c5c54beba798037ca8d70a34,comments,1.0,1.0,3900.0,2200.0,[],f921cad15a27499ab8a94bddbf446eda,2020-12-26T09:07:12.748890+00:00,[],228.0,8800.0,False,https://parler.com/comment/f921cad15a27499ab8a94bddbf446eda,8.0,[],MondoV177,False,,,,,,7505e20c237b4d2cb09efe5a1a6e1b05,#a60303,0.0,0.0,0.0,7505e20c237b4d2cb09efe5a1a6e1b05,8.0,True,,
0,This is the new world reset there is no arrest or jails,"This is the new world reset there is no arrest or jails
",20201124004444.0,2020-11-24 00:44:44 UTC,c1c2a724d84d45cb8930945d20725e2e,comments,4.0,4.0,20000.0,27000.0,[],666c21001fa64d8fb237ca3edb78e553,2021-01-09T14:07:20.730312+00:00,[],610.0,14000.0,False,https://parler.com/comment/666c21001fa64d8fb237ca3edb78e553,0.0,[],Michaelhouser7213,False,,,,,,e9946e2c9a8b4ba8b03288faca171146,#808080,1.0,0.0,0.0,097421d9a67c4ed6be3eea9ae5cee794,0.0,False,,
0,Iowa?,"Iowa?
",20201104032823.0,2020-11-04 03:28:23 UTC,9d1b939c90524f41a8015150bdcd7c01,comments,1.0,1.0,113.0,243.0,[],b3c834e4ad1346a1b795f74ca88f8762,2020-12-24T11:21:11.920829+00:00,[],6.0,154.0,False,https://parler.com/comment/b3c834e4ad1346a1b795f74ca88f8762,8.0,[],DomMorgan,False,,,,,,4c10499db1a04ef18f7027afdfdabec4,#a60303,0.0,0.0,0.0,4c10499db1a04ef18f7027afdfdabec4,8.0,True,,
0,President Trump - We will always LOVE what you have done for us!! I am fighting and praying WITH YOU!! God will have wrath on the evil doers vengeance is mine says the Lord!! God will give you the crown of glory for everything you have done for HIS people!! Love you ALWAYS PRESIDENT TRUMP ❤️❤️,"President Trump - We will always LOVE what you have done for us!! I am fighting and praying WITH YOU!! God will have wrath on the evil doers vengeance is mine says the Lord!! God will give you the crown of glory for everything you have done for HIS people!! Love you ALWAYS PRESIDENT TRUMP ❤️❤️
",20201121022609.0,2020-11-21 02:26:09 UTC,3bc8900feb684060a20dc85bb12fa95d,comments,1.0,1.0,10.0,10.0,[],433e1708e2994b098542168243a12b8b,2020-11-28T11:32:20.873891+00:00,[],0.0,13.0,False,https://parler.com/comment/433e1708e2994b098542168243a12b8b,4.0,[],Cindybright81,False,,,,,,777b4b84026f4b9486330756d1ea5d6a,#a60303,0.0,2.0,1.0,777b4b84026f4b9486330756d1ea5d6a,3.0,True,,
0,Thee officer feels the moment!,"Thee officer feels the moment!
",20201210232025.0,2020-12-10 23:20:25 UTC,8eb4568531cc4c50a90b7884fdff0098,comments,1.0,1.0,67.0,146.0,[],6a0ecee2950540a2a250b82949414c96,2021-01-09T09:55:34.258249+00:00,[],0.0,72.0,False,https://parler.com/comment/6a0ecee2950540a2a250b82949414c96,2.0,[],Ptachkrew,False,,,,,,819ad7ede75f45df974054ad8a58f8c4,#a60303,0.0,0.0,0.0,819ad7ede75f45df974054ad8a58f8c4,2.0,True,,
0,Love people that can’t communicate without vulgarity. Such a sign of intelligence so I will be a rock.,"Love people that can’t communicate without vulgarity. Such a sign of intelligence so I will be a rock.
",20201125022709.0,2020-11-25 02:27:09 UTC,7c26e81fabb64758a27bdfb61b229c1e,comments,3.0,3.0,59.0,43.0,[],29c3a39947fe4ca687bcaf4c6edc41e7,2020-12-26T07:32:33.984445+00:00,[],0.0,226.0,False,https://parler.com/comment/29c3a39947fe4ca687bcaf4c6edc41e7,0.0,[],Bevdeaton,False,,,,,,1b0c4261d47b47578b768dc84080e3c6,#808080,1.0,0.0,0.0,bb2496530ed640dc8eab6f3efe96ea47,0.0,False,,
-1,"Nice find, Devil went down to Georgia","Nice find, Devil went down to Georgia
",20201223145920.0,2020-12-23 14:59:20 UTC,651e92b6458149c0bcee1adf7b6585e9,comments,2.0,2.0,144.0,225.0,[],05aab3a62f43431cb75c593dfcc197ee,2021-01-06T05:41:22.717971+00:00,[],0.0,615.0,False,https://parler.com/comment/05aab3a62f43431cb75c593dfcc197ee,0.0,[],Matt476630633279,False,,,,,,7c55fc39d76841e9a9cac46401ec7e46,#a60303,0.0,0.0,0.0,7c55fc39d76841e9a9cac46401ec7e46,0.0,True,,
1,"If the #Dominion machines are used, it's all for nothing.

Grow some ovaries and vandalize the machines, or join the revolt.","If the #Dominion machines are used, it's all for nothing.

Grow some ovaries and vandalize the machines, or join the revolt.
",20201203231510.0,2020-12-03 23:15:10 UTC,81c0b63b96c44678b4d471acb13f74a0,comments,1.0,1.0,555.0,1300.0,['dominion'],becfeafde3114209b09d834b53c8c884,2020-12-27T06:45:19.396948+00:00,[],10.0,2200.0,False,https://parler.com/comment/becfeafde3114209b09d834b53c8c884,1.0,[],Akilburn67,False,,,,,,f0a7f7d3e9ed44579cfd49160300a702,#a60303,0.0,0.0,0.0,f0a7f7d3e9ed44579cfd49160300a702,1.0,True,,
1,Pucker up buttercups.... I echo My President's sentiments completely!!,"Pucker up buttercups.... I echo My President's sentiments completely!!
",20200908235218.0,2020-09-08 23:52:18 UTC,61dd26bc7061456e86019c59ea989d45,comments,1.0,1.0,5300.0,8000.0,[],15e0ba110bae4c1386e3dd7af9b88304,2021-01-09T10:49:39.314699+00:00,[],9.0,8800.0,False,https://parler.com/comment/15e0ba110bae4c1386e3dd7af9b88304,1.0,[],Jackandjohna,False,,,,,,2972ec6c57fe4c88b72d390fe36a5d87,#a60303,0.0,0.0,0.0,2972ec6c57fe4c88b72d390fe36a5d87,1.0,True,,
0,Best. President. Ever.,"Best. President. Ever.
",20200313191350.0,2020-03-13 19:13:50 UTC,65af37d393584e04893350b0f46259b9,comments,1.0,1.0,14000.0,23000.0,[],3c33ee3ab1834cf6825c64e6545b6908,2021-01-06T23:29:48.185127+00:00,[],908.0,2200.0,False,https://parler.com/comment/3c33ee3ab1834cf6825c64e6545b6908,3.0,[],TheDonaldrefugee,False,,,,,,9596f508c2064a7ea97d49fa69704620,#a60303,0.0,0.0,0.0,9596f508c2064a7ea97d49fa69704620,3.0,True,,
0,Those eyes....wow !!!!,"Those eyes....wow !!!!
",20201126104405.0,2020-11-26 10:44:05 UTC,1988a9fb1e1f476ea78653dd79c8ab94,comments,1.0,1.0,780.0,663.0,[],38f2a75c0b8343b69b90e6e5fa45e305,2020-12-02T18:29:44.367837+00:00,[],19.0,1900.0,False,https://parler.com/comment/38f2a75c0b8343b69b90e6e5fa45e305,1.0,[],meetatthelibertytree,False,,,,,,92198e647ce54715bd93ce2f300edbdc,#a60303,0.0,0.0,0.0,92198e647ce54715bd93ce2f300edbdc,1.0,True,,
0,A MOAB around tea time would be good.,"A MOAB around tea time would be good.
",20200127033445.0,2020-01-27 03:34:45 UTC,450ce1447a6842a7a9aa6a19edd51844,comments,1.0,1.0,10000.0,8000.0,[],e5b4d5470bf148f2898f363da14fdc15,2020-12-02T11:26:58.735392+00:00,[],698.0,49000.0,False,https://parler.com/comment/e5b4d5470bf148f2898f363da14fdc15,2.0,[],Dick63532121884825749,False,,,,,,3f06e4338698436ba2a09797c61e5930,#a60303,0.0,0.0,0.0,3f06e4338698436ba2a09797c61e5930,2.0,True,,
0,God is gonna have mercy . Keep praying and repent,"God is gonna have mercy . Keep praying and repent
",20201121053801.0,2020-11-21 05:38:01 UTC,cb068ebb50e34d1da621a6f37d2a5f30,comments,1.0,1.0,2600.0,2200.0,[],d1d5fb6b9bb740578509562f1277e609,2021-01-09T10:00:00.036616+00:00,[],3.0,7300.0,False,https://parler.com/comment/d1d5fb6b9bb740578509562f1277e609,1.0,[],Ntvnyr173,False,,,,,,a069ea167bc64f0dad6fa030e7d66b23,#a60303,0.0,0.0,0.0,a069ea167bc64f0dad6fa030e7d66b23,1.0,True,,
3,"I don't think you understand what block chain is. It doesn't apply to documents, just IP (internet transmission) protocol.","I don't think you understand what block chain is. It doesn't apply to documents, just IP (internet transmission) protocol.
",20201108065521.0,2020-11-08 06:55:21 UTC,8583c5ba6c5d4258b5b91140dc4cacd5,comments,1.0,1.0,9600.0,10000.0,[],bde5755170824ca0bc304151c8a6cf1a,2020-12-24T07:50:22.035270+00:00,[],39.0,8100.0,False,https://parler.com/comment/bde5755170824ca0bc304151c8a6cf1a,0.0,[],NimbleJack,False,,,,,,7505e20c237b4d2cb09efe5a1a6e1b05,#a60303,0.0,0.0,1.0,7505e20c237b4d2cb09efe5a1a6e1b05,-1.0,True,,
1,Delusional Trumpers want to change the system now. You lost Elections deal with it.,"Delusional Trumpers want to change the system now. You lost Elections deal with it.
",20201110181119.0,2020-11-10 18:11:19 UTC,44c91e7c23794e8ab8d57432cc4eff84,comments,2.0,2.0,65.0,17.0,[],ff236ae32de545fa81bbd3165391fb1d,2021-01-09T13:20:54.061401+00:00,[],26.0,56.0,False,https://parler.com/comment/ff236ae32de545fa81bbd3165391fb1d,0.0,[],AR15Lib,False,,,,,,09dcbd6b72ad43eb890b6a6e10f530e9,#bf1f9f,1.0,0.0,1.0,1b69e49644a54e4fa4b77ccd07c9f991,-1.0,,f3cb48231c4142939b141bd1141a6316,
0,"I hope ,I hope. I hope!!!","I hope ,I hope. I hope!!!
",20201104032919.0,2020-11-04 03:29:19 UTC,d80737e9467940f3b3a54e44e1f3dd05,comments,1.0,1.0,2200.0,1300.0,[],29abbc5a0ee543c6ba5f15e99d38bf14,2021-01-09T09:43:13.738144+00:00,[],0.0,15000.0,False,https://parler.com/comment/29abbc5a0ee543c6ba5f15e99d38bf14,4.0,[],Percykreft,False,,,,,,4c10499db1a04ef18f7027afdfdabec4,#a60303,0.0,0.0,0.0,4c10499db1a04ef18f7027afdfdabec4,4.0,True,,
0,"That is not reality. Trump lost the election and will no longer be president on Jan 20. Absolutely nothing you can do changes that. Also, jr may by in jail soon.","That is not reality. Trump lost the election and will no longer be president on Jan 20. Absolutely nothing you can do changes that. Also, jr may by in jail soon.
",20201114222049.0,2020-11-14 22:20:49 UTC,07522ffbaa6f458c8d6e5d15eb707f29,comments,3.0,3.0,100.0,48.0,[],723825ecbfc942f2ad2305c5d881d554,2021-01-09T09:29:02.723290+00:00,[],0.0,29.0,False,https://parler.com/comment/723825ecbfc942f2ad2305c5d881d554,1.0,[],Imagine150,False,,,,,,8e3a9ee2253b419baefc3d2fe9ee3bde,#808080,1.0,0.0,0.0,9c58100ea0fc44d5a999456f75f22ba3,1.0,False,,
0,"#pelosicrimefamily

#trumpwon","#pelosicrimefamily

#trumpwon
",20201110093231.0,2020-11-10 09:32:31 UTC,11caffddf11b4439aa2b5a412f93f1f4,comments,1.0,1.0,14000.0,19000.0,"['pelosicrimefamily', 'trumpwon']",b2419891f5bc45e58074a1a94a10ea1a,2020-12-26T18:31:10.137097+00:00,[],49.0,18000.0,False,https://parler.com/comment/b2419891f5bc45e58074a1a94a10ea1a,0.0,[],Mishellespry,False,,,,,,b12fec62ba334a5cac87a8908d480368,#a60303,0.0,0.0,0.0,b12fec62ba334a5cac87a8908d480368,0.0,True,,
0,"Bill, you were the divine rod in 2016 and will be a shimmering light tonight as well","Bill, you were the divine rod in 2016 and will be a shimmering light tonight as well
",20201103232622.0,2020-11-03 23:26:22 UTC,b86b36be93d641b8a315aa85545d3605,comments,1.0,1.0,23.0,96.0,[],2ec64a8a76a94e0a8f2e5409d22d89c5,2020-12-30T17:15:50.259504+00:00,[],2.0,50.0,False,https://parler.com/comment/2ec64a8a76a94e0a8f2e5409d22d89c5,3.0,[],DPB225,False,,,,,,69d2461913bf4ee8b788962135a37af2,#a60303,0.0,0.0,0.0,69d2461913bf4ee8b788962135a37af2,3.0,True,,
0,"Coup, COLOR REVOLUTION","Coup, COLOR REVOLUTION
https://image-cdn.parler.com/N/G/NGGvuwZHUN.png
https://image-cdn.parler.com/r/F/rFljvPv0om.png
https://image-cdn.parler.com/y/J/yJ6GCEEYZf.png
https://image-cdn.parler.com/P/a/PaSIdvujn7.png",20200908185104.0,2020-09-08 18:51:04 UTC,1ba933f034ab4d7ca2c9f8ac647546cf,comments,1.0,1.0,526.0,142.0,[],471ca50749214044b40aa7a078ac6b37,2020-12-26T16:26:02.013932+00:00,"['QvjR9', 'RwKlc', 'N6MsY', 'ORdex']",79.0,1100.0,False,https://parler.com/comment/471ca50749214044b40aa7a078ac6b37,0.0,"[{'createdAt': '20200908185005', 'domain': 'image-cdn.parler.com', 'id': 'QvjR9', 'long': 'https://image-cdn.parler.com/N/G/NGGvuwZHUN.png', 'metadata': {'length': 3153864, 'mimeType': 'image/png', 'site': 'image-cdn.parler.com'}, 'modified': 'image-cdn.parler.com/N/G/NGGvuwZHUN.png', 'short': 'https://api.parler.com/l/QvjR9', 'state': 'VALID'}, {'createdAt': '20200908185019', 'domain': 'image-cdn.parler.com', 'id': 'RwKlc', 'long': 'https://image-cdn.parler.com/r/F/rFljvPv0om.png', 'metadata': {'length': 3202529, 'mimeType': 'image/png', 'site': 'image-cdn.parler.com'}, 'modified': 'image-cdn.parler.com/r/F/rFljvPv0om.png', 'short': 'https://api.parler.com/l/RwKlc', 'state': 'VALID'}, {'createdAt': '20200908185034', 'domain': 'image-cdn.parler.com', 'id': 'N6MsY', 'long': 'https://image-cdn.parler.com/y/J/yJ6GCEEYZf.png', 'metadata': {'length': 3110871, 'mimeType': 'image/png', 'site': 'image-cdn.parler.com'}, 'modified': 'image-cdn.parler.com/y/J/yJ6GCEEYZf.png', 'short': 'https://api.parler.com/l/N6MsY', 'state': 'VALID'}, {'createdAt': '20200908185047', 'domain': 'image-cdn.parler.com', 'id': 'ORdex', 'long': 'https://image-cdn.parler.com/P/a/PaSIdvujn7.png', 'metadata': {'length': 3960202, 'mimeType': 'image/png', 'site': 'image-cdn.parler.com'}, 'modified': 'image-cdn.parler.com/P/a/PaSIdvujn7.png', 'short': 'https://api.parler.com/l/ORdex', 'state': 'VALID'}]",Hdbulhoes,False,,,,,,e80595247bab4488b5b5f8f8b1850d07,#a60303,0.0,0.0,0.0,e80595247bab4488b5b5f8f8b1850d07,0.0,True,,
0,Once it hits the pan handle trump pulls away. Dems actually are underachieving,"Once it hits the pan handle trump pulls away. Dems actually are underachieving
",20201103233312.0,2020-11-03 23:33:12 UTC,696c93e2e3864a42bf19d891c6a2c5da,comments,1.0,1.0,22.0,29.0,[],53ee08ef28de4d8fa946dc54b7beb185,2021-01-06T05:53:34.382842+00:00,[],0.0,2.0,False,https://parler.com/comment/53ee08ef28de4d8fa946dc54b7beb185,8.0,[],Rmhorrorfan,False,,,,,,69d2461913bf4ee8b788962135a37af2,#a60303,0.0,0.0,0.0,69d2461913bf4ee8b788962135a37af2,8.0,True,,
0,I want this on a T-shirt. Where to get??? Anyone know ???,"I want this on a T-shirt. Where to get??? Anyone know ???
",20190909171323.0,2019-09-09 17:13:23 UTC,786c95a841b248ca818dea4141223844,comments,2.0,2.0,5500.0,6100.0,[],77d7cffc7f3e406791072841e5fcac26,2021-01-08T22:14:25.185188+00:00,[],19.0,10000.0,False,https://parler.com/comment/77d7cffc7f3e406791072841e5fcac26,1.0,[],SaS,False,,,,,,550c93b4ff2241acb08453fd2e3df2dc,#a60303,0.0,0.0,0.0,550c93b4ff2241acb08453fd2e3df2dc,1.0,True,,
0,Bwahahaha nice.,"Bwahahaha nice.
",20201113025734.0,2020-11-13 02:57:34 UTC,e0a12439614e43e8bfbb0525aab90056,comments,2.0,2.0,3000.0,1900.0,[],a7b43b9fcf5e43f2b5d99fb26954fac3,2021-01-09T18:41:52.877538+00:00,[],251.0,1900.0,False,https://parler.com/comment/a7b43b9fcf5e43f2b5d99fb26954fac3,0.0,[],Deplorableisme,False,,,,,,822247ad69d140b483c68d683213fd0c,#808080,1.0,0.0,0.0,dd00a1da4dc042418f800cc0b17c3eb4,0.0,False,,
0,Horseshit!!! HE'S ALWAYS BEEN LEADING!!!🤠,"Horseshit!!! HE'S ALWAYS BEEN LEADING!!!🤠
",20200802234300.0,2020-08-02 23:43:00 UTC,3e504308a3654760aae75e1c031e69a8,comments,1.0,1.0,1100.0,906.0,[],8ab836d1da5e4470802127a4a0a1f303,2020-12-29T05:39:08.449388+00:00,[],1.0,1500.0,False,https://parler.com/comment/8ab836d1da5e4470802127a4a0a1f303,2.0,[],Angelregan02,False,,,,,,a8b02f9feee04372b15f10be1903f5a8,#a60303,0.0,0.0,0.0,a8b02f9feee04372b15f10be1903f5a8,2.0,True,,
0,@SherriHurt1 Exactly,"@SherriHurt1 Exactly
",20201203035700.0,2020-12-03 03:57:00 UTC,dbb4755487df48419e5fa6873072562b,comments,3.0,3.0,4000.0,5300.0,[],be6754f0d42b4186a515c77d664f969f,2020-12-24T01:25:21.191410+00:00,[],639.0,1800.0,False,https://parler.com/comment/be6754f0d42b4186a515c77d664f969f,1.0,[],EagleEye2,False,,,,,,c35e5e74207647868b134d08e38a7da9,#001fd4,1.0,0.0,0.0,776cf19b05b44a3abd0c3d7db2edc7c3,1.0,,421eb547e4d448409086fda699fcb5fe,fd4ad94905004c33a576a218f412dd7a
0,"@finallysafe Both the house and the Senate. There, I fixed it.","@finallysafe Both the house and the Senate. There, I fixed it.
",20201114232455.0,2020-11-14 23:24:55 UTC,f0d70523cbc34d5bb916c23ef520e9a5,comments,4.0,4.0,178.0,164.0,[],8c3befcdfec648c0b2868437c612fbb1,2020-12-25T10:16:17.117142+00:00,[],13.0,171.0,False,https://parler.com/comment/8c3befcdfec648c0b2868437c612fbb1,0.0,[],JohnCox3312,False,,,,,,38259f85a43d464da6f6ca572987f063,#df8a9f,1.0,0.0,0.0,9c58100ea0fc44d5a999456f75f22ba3,0.0,,61566ce28d264154bc82b153baf82a07,c27660f8c446458a8e89d05dd94865c0
1,Yes.)),"Yes.))
",20201102145718.0,2020-11-02 14:57:18 UTC,a0cd1f898f94498083a2ccf8170f9ea2,comments,1.0,1.0,1200.0,171.0,[],3409113c79824017a0f8b51ccf5cd3c5,2021-01-11T02:48:34.915790+00:00,[],364.0,11000.0,False,https://parler.com/comment/3409113c79824017a0f8b51ccf5cd3c5,1.0,[],Fung,False,,,,,,6d77f827d3e848f9bc7452cd073c6f1b,#a60303,0.0,0.0,0.0,6d77f827d3e848f9bc7452cd073c6f1b,1.0,True,,
1,Trump 2020,"Trump 2020
",20200721225753.0,2020-07-21 22:57:53 UTC,58402b7539fe4c1180279ce3d18668b1,comments,2.0,2.0,7200.0,7200.0,[],2da8f700ffc64a74abc62e25bec6420e,2021-01-09T22:28:55.718419+00:00,[],46.0,47000.0,False,https://parler.com/comment/2da8f700ffc64a74abc62e25bec6420e,1.0,[],Kdlynn,False,,,,,,6e55044e45ed4ba7971033d35fe3d58a,#a60303,0.0,0.0,0.0,6e55044e45ed4ba7971033d35fe3d58a,1.0,True,,
1,Can't wait!,"Can't wait!
",20201111181726.0,2020-11-11 18:17:26 UTC,50f9a4a2777746e69fcdc90243cbed71,comments,1.0,1.0,78.0,160.0,[],42da1b94e87048ed8e703d736e36b2b7,2021-01-09T08:21:57.574575+00:00,[],5.0,14.0,False,https://parler.com/comment/42da1b94e87048ed8e703d736e36b2b7,1.0,[],Miketutcher,False,,,,,,11b095257a9a4f5e836e432adb518755,#a60303,0.0,0.0,0.0,11b095257a9a4f5e836e432adb518755,1.0,True,,
0,I so love this,"I so love this
",20201102233628.0,2020-11-02 23:36:28 UTC,baa987dcdb3e4bf29b316190726fa4f1,comments,1.0,1.0,276.0,170.0,[],2cc84af28bd246e292f08b79f9363e4b,2021-01-08T22:39:29.664468+00:00,[],0.0,768.0,False,https://parler.com/comment/2cc84af28bd246e292f08b79f9363e4b,1.0,[],Priorkimberly03,False,,,,,,75939697853143199c1b2f22ab5c782c,#a60303,0.0,0.0,0.0,75939697853143199c1b2f22ab5c782c,1.0,True,,
0,"@Humperdoo It’s your right to believe what you want, just as it’s my right to believe what I want. Posting pics of Jesus being sodomized on the cross doesn’t make you funny, clever, right, or intelligent. It makes you look hateful, confused, delusional, and lost. Humanistic? 🤔","@Humperdoo It’s your right to believe what you want, just as it’s my right to believe what I want. Posting pics of Jesus being sodomized on the cross doesn’t make you funny, clever, right, or intelligent. It makes you look hateful, confused, delusional, and lost. Humanistic? 🤔
",20200903202126.0,2020-09-03 20:21:26 UTC,cc75e5c707a548d5983c766164790428,comments,6.0,6.0,16.0,52.0,[],895fb91f72d0465b8e5548b02a737336,2021-01-09T17:11:43.523252+00:00,[],2.0,14.0,False,https://parler.com/comment/895fb91f72d0465b8e5548b02a737336,0.0,[],jtshef,False,,,,,,4601a1a736764d0b927ae73e1cbbe003,#b7bf9f,1.0,0.0,0.0,1322d6ec08a3405bbea8e473aea0803b,0.0,,62e637858ab341b38d30be4699195343,1a7f5abcc4d24156b34e20f9b87b2844
0,Meh; it's the Dimocrap conspiracy theory du jour. Bunch of BS just like all the OTHER ones... NEXT?...,"Meh; it's the Dimocrap conspiracy theory du jour. Bunch of BS just like all the OTHER ones... NEXT?...
",20200313033827.0,2020-03-13 03:38:27 UTC,2330848854aa4e17980066a6eb5a8a2c,comments,2.0,2.0,1000.0,117.0,[],91f868cfd15f42d080027d3705ebea3a,2021-01-08T22:10:55.747115+00:00,[],54.0,595.0,False,https://parler.com/comment/91f868cfd15f42d080027d3705ebea3a,1.0,[],Mohawk1,False,,,,,,2cad35603e5947ceb749581cea5ec6b8,#808080,1.0,0.0,0.0,9596f508c2064a7ea97d49fa69704620,1.0,False,,
0,"@Humperdoo One book is the word of God, while the rest are not.","@Humperdoo One book is the word of God, while the rest are not.
",20200903194901.0,2020-09-03 19:49:01 UTC,cc75e5c707a548d5983c766164790428,comments,4.0,4.0,16.0,52.0,[],ecb24df5bd434f0db8ae722e90f3e1c9,2021-01-09T17:11:43.523464+00:00,[],2.0,14.0,False,https://parler.com/comment/ecb24df5bd434f0db8ae722e90f3e1c9,0.0,[],jtshef,False,,,,,,4601a1a736764d0b927ae73e1cbbe003,#b7bf9f,1.0,0.0,0.0,1322d6ec08a3405bbea8e473aea0803b,0.0,,62e637858ab341b38d30be4699195343,502d368cacde4e1398316ac152e565c7
-1,Lock her up already,"Lock her up already
",20201112191903.0,2020-11-12 19:19:03 UTC,0164262b282a473ba2b33a4c5af8ec4a,comments,1.0,1.0,1900.0,4700.0,[],a451c389354e49538379ef8f12ed0dfd,2021-01-10T16:39:58.492092+00:00,[],8.0,4100.0,False,https://parler.com/comment/a451c389354e49538379ef8f12ed0dfd,0.0,[],Joetwin1415,False,,,,,,b9a9bdd250a84939b75274ecd6fb31a4,#a60303,0.0,0.0,0.0,b9a9bdd250a84939b75274ecd6fb31a4,0.0,True,,
-1,I love the smell of winning in the morning...it smells like..winning. T Train steamin'.,"I love the smell of winning in the morning...it smells like..winning. T Train steamin'.
",20201203011238.0,2020-12-03 01:12:38 UTC,4e129f68bd534990b8bc7f3c413f24dc,comments,1.0,1.0,651.0,529.0,[],e7ffc4b0cfa443d4985cf7e60dc24c9c,2021-01-11T03:46:37.623473+00:00,[],0.0,2900.0,False,https://parler.com/comment/e7ffc4b0cfa443d4985cf7e60dc24c9c,1.0,[],AT1000,False,,,,,,776cf19b05b44a3abd0c3d7db2edc7c3,#a60303,0.0,0.0,0.0,776cf19b05b44a3abd0c3d7db2edc7c3,1.0,True,,
0,Hooray!,"Hooray!
",20201129062023.0,2020-11-29 06:20:23 UTC,5bcff460173a4e84a92b718eee3516a1,comments,1.0,1.0,140.0,102.0,[],539c21dae0894c7c815f71df22e54a04,2021-01-09T10:30:37.758045+00:00,[],2.0,50.0,False,https://parler.com/comment/539c21dae0894c7c815f71df22e54a04,0.0,[],RachelleRae77,False,,,,,,69ae291342fd4ad9bdf30b4ac309737d,#a60303,0.0,0.0,0.0,69ae291342fd4ad9bdf30b4ac309737d,0.0,True,,
0,"Thank you for sharing this psalm , we are all feeling anxious and tired of waiting but if we press into The Lord and focus on his word it truly is our sword of faith 🙏🏼","Thank you for sharing this psalm , we are all feeling anxious and tired of waiting but if we press into The Lord and focus on his word it truly is our sword of faith 🙏🏼
",20201121100351.0,2020-11-21 10:03:51 UTC,1ec87efcbca845d380635290c65730c3,comments,1.0,1.0,176.0,92.0,[],c3819569c04d4a6badedb2368fab09e9,2021-01-08T19:09:03.733944+00:00,[],7.0,619.0,False,https://parler.com/comment/c3819569c04d4a6badedb2368fab09e9,1.0,[],Teresaj540580685540,False,,,,,,a069ea167bc64f0dad6fa030e7d66b23,#a60303,0.0,0.0,0.0,a069ea167bc64f0dad6fa030e7d66b23,1.0,True,,
0,Thank you,"Thank you
",20200813052207.0,2020-08-13 05:22:07 UTC,fd0c93cae43145bcaa59c09f2970fd8e,comments,2.0,2.0,108.0,118.0,[],e2cac1f6baee43af91e707b9999a16a4,2021-01-09T20:46:07.537720+00:00,[],1.0,8.0,False,https://parler.com/comment/e2cac1f6baee43af91e707b9999a16a4,1.0,[],Blackcockatoo,False,,,,,,d440a123f3f949efb9da154744e46d8f,#808080,1.0,0.0,0.0,b867550d2f4f4826b8b7f7c97c474dad,1.0,False,,
0,"Check her bank account, and her relatives bank accounts. Big deposit somewhere. You know DAMN WELL it's not from her ideology, it's all about the $$$$$$$$$$.","Check her bank account, and her relatives bank accounts. Big deposit somewhere. You know DAMN WELL it's not from her ideology, it's all about the $$$$$$$$$$.
",20200926003430.0,2020-09-26 00:34:30 UTC,215a329ae86e410797eb12b2a3af56b9,comments,1.0,1.0,11000.0,14000.0,[],8b409c987b474b7ea78efedbc1d49d4c,2021-01-08T22:18:31.422635+00:00,[],1.0,7100.0,False,https://parler.com/comment/8b409c987b474b7ea78efedbc1d49d4c,2.0,[],chuckskeet,False,,,,,,6434a442f4b3447b98500546b358e29e,#a60303,0.0,0.0,0.0,6434a442f4b3447b98500546b358e29e,2.0,True,,
0,👍,"👍
",20200816224948.0,2020-08-16 22:49:48 UTC,24be4916672c4922a078bfe6ed2999e5,comments,1.0,1.0,34.0,45.0,[],ff34ed2f5e224e69bbb32eac86625a87,2021-01-09T11:01:22.456371+00:00,[],0.0,17.0,False,https://parler.com/comment/ff34ed2f5e224e69bbb32eac86625a87,0.0,[],2811,False,,,,,,a9e4394593f4454fabdf984724548f79,#a60303,0.0,0.0,0.0,a9e4394593f4454fabdf984724548f79,0.0,True,,
-1,@StokoeLisa Where I live in California is for the most part Elephants surrounded by Jack Asses,"@StokoeLisa Where I live in California is for the most part Elephants surrounded by Jack Asses
",20201104034354.0,2020-11-04 03:43:54 UTC,e9ee7b3ee12948468803ccb53c67ced1,comments,5.0,5.0,1600.0,1300.0,[],29e1b7893eb94e04b5060027c12e056b,2021-01-09T03:19:58.486744+00:00,[],80.0,3300.0,False,https://parler.com/comment/29e1b7893eb94e04b5060027c12e056b,1.0,[],Terinorwood53,False,,,,,,0912808dddbb4285a6237f667e3cbc9c,#5fdf1f,1.0,0.0,0.0,4c10499db1a04ef18f7027afdfdabec4,1.0,,d4ac334f3720490db5a0079730629339,2976d4dcad2344ecbeb704c234798deb
0,"Well if CNN reported it, it has to be true 🤣 🤣 🤣","Well if CNN reported it, it has to be true 🤣 🤣 🤣
",20201202024027.0,2020-12-02 02:40:27 UTC,070a612841ba4d0781899bfc8bbbcd87,comments,1.0,1.0,208.0,429.0,[],2bd2d1a460034bed81ade14c3bd3f8da,2021-01-06T10:51:34.750050+00:00,[],33.0,104.0,False,https://parler.com/comment/2bd2d1a460034bed81ade14c3bd3f8da,2.0,[],Caddell,False,,,,,,baaa9a99b0d14e3281dd88f2a235cdf8,#a60303,0.0,0.0,0,baaa9a99b0d14e3281dd88f2a235cdf8,2.0,True,,
0,your the man,"your the man
",20200914185239.0,2020-09-14 18:52:39 UTC,cc9dd6b6826543668c74da94c215c9f3,comments,1.0,1.0,295.0,184.0,[],3c1130aecb02483097f60f1e3e5d2401,2021-01-09T16:59:18.808862+00:00,[],1.0,136.0,False,https://parler.com/comment/3c1130aecb02483097f60f1e3e5d2401,1.0,[],Sporster,False,,,,,,eb8071dfac054d6e98be98649b440001,#a60303,0.0,0.0,0,eb8071dfac054d6e98be98649b440001,1.0,True,,
0,Prayers for California!!,"Prayers for California!!
",20201103234504.0,2020-11-03 23:45:04 UTC,5b0ebcd0881e4d268ab0ca9a767d4c1e,comments,2.0,2.0,2800.0,2200.0,[],48d67b81ea1444349e37b0996f4c5b8f,2021-01-09T12:08:42.377936+00:00,[],10.0,2500.0,False,https://parler.com/comment/48d67b81ea1444349e37b0996f4c5b8f,1.0,[],Treenz,False,,,,,,7469cfd9775b4212ba5b9085ada6e799,#808080,1.0,0.0,0.0,69d2461913bf4ee8b788962135a37af2,1.0,False,,
-1,Yes,"Yes
",20201128153730.0,2020-11-28 15:37:30 UTC,a8f1e66714664158a26b896eb1b6a9cb,comments,1.0,1.0,79.0,56.0,[],bed3ba8f4981488da9a0949c81de8bc4,2021-01-09T23:19:04.674535+00:00,[],0.0,137.0,False,https://parler.com/comment/bed3ba8f4981488da9a0949c81de8bc4,1.0,[],Gjowers,False,,,,,,5fc8fa4d985f4f24b0734901273ead68,#a60303,0.0,0.0,0,5fc8fa4d985f4f24b0734901273ead68,1.0,True,,
1,"@bubbazen10 They can ignore what ever they want, what they can't do is ignore the constitution! BOOM💣","@bubbazen10 They can ignore what ever they want, what they can't do is ignore the constitution! BOOM💣
",20201125173652.0,2020-11-25 17:36:52 UTC,5d0991f87fdd4c20b0e4d70536ceca3f,comments,5.0,5.0,1900.0,2200.0,[],0d9f2f55860f4557aa53bdae4361e146,2020-12-24T23:43:35.335674+00:00,[],73.0,881.0,False,https://parler.com/comment/0d9f2f55860f4557aa53bdae4361e146,1.0,[],Valerie65m,False,,,,,,0d9a1f2d4365494783e8899bde5aa90f,#9f8f5f,1.0,0.0,0.0,273f348cc3be49acb12749d899e94ebd,1.0,,fe78ad5e056a46ec92eb04a8d88a6005,581d76c3e8f041259253c3e94b86cae4
0,In The Lord Jesus name! Amen and Amen!,"In The Lord Jesus name! Amen and Amen!
",20200630213337.0,2020-06-30 21:33:37 UTC,8eb94f4a7b8f485f9466f8945609ddd1,comments,1.0,1.0,699.0,128.0,[],6a3eb1671db34d82b6986a92ac09c12a,2021-01-08T20:17:25.965201+00:00,[],31.0,645.0,False,https://parler.com/comment/6a3eb1671db34d82b6986a92ac09c12a,2.0,[],BelkisHijaDeDios,False,,,,,,c99a0b7285c949c8a4a769cb30746341,#a60303,0.0,0.0,0.0,c99a0b7285c949c8a4a769cb30746341,2.0,True,,
0,"Against all odds...

God certainly has a hand in this.

Judges 7:9
And it came to pass the same night, that the Lord said unto him, Arise, get thee down unto the host; for I have delivered it into thine hand.","Against all odds...

God certainly has a hand in this.

Judges 7:9
And it came to pass the same night, that the Lord said unto him, Arise, get thee down unto the host; for I have delivered it into thine hand.
",20201006130853.0,2020-10-06 13:08:53 UTC,2a65824b31e74c1ea1d5e18d4e8710fa,comments,1.0,1.0,7700.0,232.0,[],aeef6e70c5914ee895825df8c623d7bb,2021-01-09T17:21:27.789426+00:00,[],16.0,82.0,False,https://parler.com/comment/aeef6e70c5914ee895825df8c623d7bb,1.0,[],Bjgann,False,,,,,,f2c01016692442baaa3b36d7e5a8bfd5,#a60303,0.0,0.0,0.0,f2c01016692442baaa3b36d7e5a8bfd5,1.0,True,,
0,ITS SO MF FUNNY😭😭,"ITS SO MF FUNNY😭😭
",20201115193824.0,2020-11-15 19:38:24 UTC,8066f42d7dec45548721c689ec4cc659,comments,2.0,2.0,65.0,57.0,[],c763678515bb46f9aa18b6e3be02173d,2021-01-09T14:19:18.611405+00:00,[],9.0,44.0,False,https://parler.com/comment/c763678515bb46f9aa18b6e3be02173d,1.0,[],sexymf,False,,,,,,8d35eea6dca543dc9b4084ecae708274,#808080,1.0,2.0,1.0,d876a6a4cf524f46920159b9c5904d19,0.0,False,,
1,Well done 👍🏾,"Well done 👍🏾
",20201123232131.0,2020-11-23 23:21:31 UTC,789cd194e95f4efbac212920138474c1,comments,1.0,1.0,93.0,125.0,[],a5114c8db8e34bc58707bc76d4347f83,2021-01-10T18:35:39.505213+00:00,[],0.0,644.0,False,https://parler.com/comment/a5114c8db8e34bc58707bc76d4347f83,1.0,[],LegalImmigrantCitizen,False,,,,,,a01d283452f743e59c67c331af728a3a,#a60303,0.0,0.0,0.0,a01d283452f743e59c67c331af728a3a,1.0,True,,
0,"Amen, I can’t think of anything else that would be better than him. 💯🇺🇸","Amen, I can’t think of anything else that would be better than him. 💯🇺🇸
",20201209180105.0,2020-12-09 18:01:05 UTC,5e5d01a775114705b6e09e207366225c,comments,1.0,1.0,198.0,43.0,[],9153f864cfb14c43b164b140c1789372,2021-01-09T07:40:49.515381+00:00,[],3.0,922.0,False,https://parler.com/comment/9153f864cfb14c43b164b140c1789372,0.0,[],Amyranada965,False,,,,,,96648457d2244ad49ecedb741f0af013,#a60303,0.0,0.0,0,96648457d2244ad49ecedb741f0af013,0.0,True,,
0,😂😂😂😂,"😂😂😂😂
",20200824010110.0,2020-08-24 01:01:10 UTC,2447dda897f64764a510ac28fe8ccd86,comments,1.0,1.0,139.0,69.0,[],7c88634df5d949c0b740f58553e62e0b,2020-12-26T13:25:19.176045+00:00,[],0.0,129.0,False,https://parler.com/comment/7c88634df5d949c0b740f58553e62e0b,0.0,[],Csbucklin,False,,,,,,9005782d45074cd5b2a391cc3be88def,#a60303,0.0,0.0,0.0,9005782d45074cd5b2a391cc3be88def,0.0,True,,
0,I'll run!!! I'll turn the whole state Red!!!,"I'll run!!! I'll turn the whole state Red!!!
",20200817202205.0,2020-08-17 20:22:05 UTC,23b113823a4345649df1cf6f9b24620e,comments,1.0,1.0,281.0,176.0,[],39e461ef1d8644b29cf99b39cd8b9bb2,2021-01-08T22:41:01.393060+00:00,[],5.0,736.0,False,https://parler.com/comment/39e461ef1d8644b29cf99b39cd8b9bb2,3.0,[],silvercreek,False,,,,,,d40061a5dc7240989e186cf617598b2b,#a60303,0.0,0.0,0.0,d40061a5dc7240989e186cf617598b2b,3.0,True,,
0,Yes finally ACB can get some time in and fix this egregious abuse of corruption,"Yes finally ACB can get some time in and fix this egregious abuse of corruption
",20201121233551.0,2020-11-21 23:35:51 UTC,7a96f60d5faa4879baa16e96698fa096,comments,2.0,2.0,390.0,840.0,[],343657861cd24acd955b518f1336578b,2021-01-09T05:56:13.276882+00:00,[],92.0,899.0,False,https://parler.com/comment/343657861cd24acd955b518f1336578b,0.0,[],CodyCampos1976,False,,,,,,becf087baf7b46efb09851731cbef8d1,#a60303,0.0,0.0,0.0,becf087baf7b46efb09851731cbef8d1,0.0,True,,
0,I will laugh but saddened at the destruction that the dems will cause!!,"I will laugh but saddened at the destruction that the dems will cause!!
",20201109054750.0,2020-11-09 05:47:50 UTC,96688512a4734425a5763bffa767d601,comments,1.0,1.0,215.0,383.0,[],dfe5d61c052d4eb0a50e61c508dce985,2021-01-09T18:18:39.896280+00:00,[],9.0,78.0,False,https://parler.com/comment/dfe5d61c052d4eb0a50e61c508dce985,1.0,[],RealRios,False,,,,,,92198e647ce54715bd93ce2f300edbdc,#a60303,0.0,0.0,0.0,92198e647ce54715bd93ce2f300edbdc,1.0,True,,
0,Brilliant.,"Brilliant.
",20201006050208.0,2020-10-06 05:02:08 UTC,6aef08c69cdf4421b773fd9c574e9d8d,comments,3.0,3.0,1600.0,1800.0,[],6082ff9a93224139b41568be4187c6cd,2021-01-09T12:32:57.122715+00:00,[],0.0,625.0,False,https://parler.com/comment/6082ff9a93224139b41568be4187c6cd,0.0,[],Davel66,False,,,,,,5d471b9a59ee4b3e8e3956ad889c626e,#a60303,0.0,0.0,0.0,5d471b9a59ee4b3e8e3956ad889c626e,0.0,True,,
0,Thank you for sharing this beautiful and amazing post.,"Thank you for sharing this beautiful and amazing post.
",20200822161843.0,2020-08-22 16:18:43 UTC,9f7c72c48e0f4fc78284fd1744411c5a,comments,1.0,1.0,156.0,251.0,[],77d2188918ce4b909cc95fd8c9909169,2021-01-09T10:35:21.616736+00:00,[],24.0,177.0,False,https://parler.com/comment/77d2188918ce4b909cc95fd8c9909169,2.0,[],Ducat3547,False,,,,,,12b72d50ba5241efa9aba90a6bf782c8,#a60303,0.0,0.0,0.0,12b72d50ba5241efa9aba90a6bf782c8,2.0,True,,
-1,And so they should be before they are altered to hide evidence of communist democratic party fraud.,"And so they should be before they are altered to hide evidence of communist democratic party fraud.
",20201129211830.0,2020-11-29 21:18:30 UTC,297a7cd0586d473a94ab9fb97978d37c,comments,1.0,1.0,4.0,38.0,[],fca10b2ed8b640ceb1fdf4c8220dd4d4,2021-01-10T04:11:52.542312+00:00,[],0.0,13.0,False,https://parler.com/comment/fca10b2ed8b640ceb1fdf4c8220dd4d4,0.0,[],Rbiafore,False,,,,,,7b2772d904c4403a898a37c44ecc5862,#a60303,0.0,0.0,0.0,7b2772d904c4403a898a37c44ecc5862,0.0,True,,
0,"We love you 

Please boycott Facebook and Twitter","We love you 

Please boycott Facebook and Twitter
",20201121162445.0,2020-11-21 16:24:45 UTC,e01afeeed1d94675afd21def1eeed48a,comments,1.0,1.0,67.0,26.0,[],408c8abbeb804b0ebdab5db9f133749d,2021-01-09T07:17:07.757275+00:00,[],1.0,11.0,False,https://parler.com/comment/408c8abbeb804b0ebdab5db9f133749d,3.0,[],Navahwolff,False,,,,,,777b4b84026f4b9486330756d1ea5d6a,#a60303,0.0,0.0,0.0,777b4b84026f4b9486330756d1ea5d6a,3.0,True,,
0,Hell yes,"Hell yes
",20201219013446.0,2020-12-19 01:34:46 UTC,d428f0eef5e44b1dba324d4d8dc94b46,comments,3.0,3.0,2.0,6.0,[],3cca92ae0f3d4087aeb3f7bc20f4629f,2020-12-25T16:55:21.288746+00:00,[],0.0,49.0,False,https://parler.com/comment/3cca92ae0f3d4087aeb3f7bc20f4629f,1.0,[],RestlessTXent417,False,,,,,,c301ebc4d8664baaa3dc0c3a4252dfdf,#a60303,0.0,0.0,0.0,c301ebc4d8664baaa3dc0c3a4252dfdf,1.0,True,,
0,Mornin,"Mornin
",20201204152552.0,2020-12-04 15:25:52 UTC,e50590f1c96e45ada5c706ebcb58fdd6,comments,1.0,1.0,7000.0,1600.0,[],e5e5a09b02df4a7891413e87ba8f84fd,2020-12-26T09:33:43.835357+00:00,[],12.0,67.0,False,https://parler.com/comment/e5e5a09b02df4a7891413e87ba8f84fd,1.0,[],BridgetteMM,False,,,,,,9a80d9663a37460b8283ef1f2bd04f5f,#a60303,0.0,0.0,0.0,9a80d9663a37460b8283ef1f2bd04f5f,1.0,True,,
0,So cool! ❤️❤️❤️,"So cool! ❤️❤️❤️
",20201114174051.0,2020-11-14 17:40:51 UTC,5d07148a556946759131260fa2a899df,comments,1.0,1.0,14.0,80.0,[],2131acbf8d9a4cdeb101772c4da2a301,2021-01-10T03:12:19.286259+00:00,[],0.0,5.0,False,https://parler.com/comment/2131acbf8d9a4cdeb101772c4da2a301,1.0,[],Ksu4life,False,,,,,,9782be0ef63d46d69d1946b9aa2daa57,#a60303,0.0,0.0,0.0,9782be0ef63d46d69d1946b9aa2daa57,1.0,True,,
0,"Biden did not win 5 RED STATES ALL WITHIN A 1% margin. 

Unpopular criminal Loeffler did NOT beat popular Georgian Doug Collins.

If you don’t believe Loeffler and Perdue are globalists RINO plants who will lose to Ossoff and Warnock, I don’t know what to tell you.

The dominion algorithm works by swapping HUNDREDS OF THOUSANDS OF VOTES from Republican to democrat. THE ONLY WAY TO COMBAT THIS IS TO BOYCOTT, which will BREAK the algorithm and create impossible results and negative vote GOP counties 

TRUMP CAN THEN USE THAT AS EVIDENCE TO VOID THE PRESIDENTIAL ELECITON

#crookedkelly #crookedperdue #MicroPenisPerdue #RINO #RINOS 

#boycottkemp #boycottgeorgia #boycottgeorgiarunoffs #riggedrunoff #stopthesteal #kag #maga #trump #gop
#georgia","Biden did not win 5 RED STATES ALL WITHIN A 1% margin. 

Unpopular criminal Loeffler did NOT beat popular Georgian Doug Collins.

If you don’t believe Loeffler and Perdue are globalists RINO plants who will lose to Ossoff and Warnock, I don’t know what to tell you.

The dominion algorithm works by swapping HUNDREDS OF THOUSANDS OF VOTES from Republican to democrat. THE ONLY WAY TO COMBAT THIS IS TO BOYCOTT, which will BREAK the algorithm and create impossible results and negative vote GOP counties 

TRUMP CAN THEN USE THAT AS EVIDENCE TO VOID THE PRESIDENTIAL ELECITON

#crookedkelly #crookedperdue #MicroPenisPerdue #RINO #RINOS 

#boycottkemp #boycottgeorgia #boycottgeorgiarunoffs #riggedrunoff #stopthesteal #kag #maga #trump #gop
#georgia
",20201209095459.0,2020-12-09 09:54:59 UTC,36ecb6587e6c4566aa02b74c2a0ee02e,comments,1.0,1.0,1600.0,4700.0,"['crookedkelly', 'crookedperdue', 'micropenisperdue', 'rino', 'rinos', 'boycottkemp', 'boycottgeorgia', 'boycottgeorgiarunoffs', 'riggedrunoff', 'stopthesteal', 'kag', 'maga', 'trump', 'gop', 'georgia']",afa3bfc2e4d04fa78687443979ef65bb,2021-01-09T01:33:25.385915+00:00,[],2.0,993.0,False,https://parler.com/comment/afa3bfc2e4d04fa78687443979ef65bb,1.0,[],TitoCruickshank73,False,,,,,,96648457d2244ad49ecedb741f0af013,#a60303,0.0,0.0,0.0,96648457d2244ad49ecedb741f0af013,1.0,True,,
0,I love you too x x x,"I love you too x x x
",20200813085641.0,2020-08-13 08:56:41 UTC,6cf6b90723fe4dca876663919940fc90,comments,1.0,1.0,20.0,24.0,[],f696fc052ab94612a330d3a116d6b483,2021-01-06T07:05:21.758888+00:00,[],3.0,25.0,False,https://parler.com/comment/f696fc052ab94612a330d3a116d6b483,2.0,[],StandupOZ,False,,,,,,b867550d2f4f4826b8b7f7c97c474dad,#a60303,0.0,0.0,0.0,b867550d2f4f4826b8b7f7c97c474dad,2.0,True,,
-1,Sayin' it like it is!,"Sayin' it like it is!
",20200902033939.0,2020-09-02 03:39:39 UTC,1429b0b99ed1407abcc4e9bf1d9e273f,comments,1.0,1.0,1600.0,1400.0,[],122a28a7422e4b57b441a09722432548,2021-01-09T06:36:02.524675+00:00,[],434.0,5700.0,False,https://parler.com/comment/122a28a7422e4b57b441a09722432548,1.0,[],ThankGodIFAL,False,,,,,,e80595247bab4488b5b5f8f8b1850d07,#a60303,0.0,0.0,0.0,e80595247bab4488b5b5f8f8b1850d07,1.0,True,,
1,Thank God for our president Donald J Trump,"Thank God for our president Donald J Trump
",20200820195537.0,2020-08-20 19:55:37 UTC,c05409190681488493c18c5c0819cacf,comments,2.0,2.0,5500.0,4600.0,[],7cbcfca25b3d4293a6271c0d235dd8d4,2021-01-09T18:24:29.455665+00:00,[],0.0,1500.0,False,https://parler.com/comment/7cbcfca25b3d4293a6271c0d235dd8d4,1.0,[],Asgallegos51,False,,,,,,eb2dd16e9d964d0096c22a8e92beefa9,#a60303,0.0,0.0,0.0,eb2dd16e9d964d0096c22a8e92beefa9,1.0,True,,
0,Absolutely and that hatred and abuse was directed at every constitutionally grounded American as well.,"Absolutely and that hatred and abuse was directed at every constitutionally grounded American as well.
",20201208142610.0,2020-12-08 14:26:10 UTC,cb5f393930fc4ec6a6f75486d08bc321,comments,2.0,2.0,432.0,140.0,[],6dd042151634474abc299556dbfb6b1d,2020-12-27T14:58:37.436354+00:00,[],0.0,57.0,False,https://parler.com/comment/6dd042151634474abc299556dbfb6b1d,1.0,[],Rreiner,False,,,,,,0e331303f1ce40c395c6c22ed4d673a2,#a60303,0.0,0.0,0.0,0e331303f1ce40c395c6c22ed4d673a2,1.0,True,,
0,NOPE not yet no one has called Georgia. What are you watching or using as a resource?,"NOPE not yet no one has called Georgia. What are you watching or using as a resource?
",20201104055626.0,2020-11-04 05:56:26 UTC,4035fb7cf30f4308b9237476ff9b382e,comments,1.0,1.0,175.0,91.0,[],b700985446ef4e10b2095d6a330b9f42,2021-01-10T01:20:43.953122+00:00,[],6.0,224.0,False,https://parler.com/comment/b700985446ef4e10b2095d6a330b9f42,0.0,[],babygirlHI,False,,,,,,1dbf7b909ca4431890fe20c69b8d44ec,#a60303,0.0,0.0,0.0,1dbf7b909ca4431890fe20c69b8d44ec,0.0,True,,
0,Go Florida! Go go go!!!,"Go Florida! Go go go!!!
",20201103234448.0,2020-11-03 23:44:48 UTC,dc2e1b66250c4e4c86d31fd2cbe3f6b6,comments,2.0,2.0,1600.0,1500.0,[],62f206b0b29a40a9b6285ef9cac70722,2021-01-11T04:06:24.398427+00:00,[],9.0,6700.0,False,https://parler.com/comment/62f206b0b29a40a9b6285ef9cac70722,0.0,[],Vonapittman,False,,,,,,78bbd2092b154872aa2930af6a6e0939,#808080,1.0,0.0,0.0,69d2461913bf4ee8b788962135a37af2,0.0,False,,
0,"You'll have to because Rudy doesn't have shit, and everyone who isn't a completely brainwashed cultist knows that.

#PresidentElectBiden #Stopthetempertantrum","You'll have to because Rudy doesn't have shit, and everyone who isn't a completely brainwashed cultist knows that.

#PresidentElectBiden #Stopthetempertantrum
",20201111183918.0,2020-11-11 18:39:18 UTC,28080bd7c67b4b2199375ee4e8b39c76,comments,2.0,2.0,583.0,111.0,"['presidentelectbiden', 'stopthetempertantrum']",07e6febdaf52480690502b67887bf126,2021-01-08T22:21:28.133754+00:00,[],6.0,108.0,False,https://parler.com/comment/07e6febdaf52480690502b67887bf126,0.0,[],Maddpatriot,False,,,,,,42da1b94e87048ed8e703d736e36b2b7,#808080,1.0,0.0,0.0,11b095257a9a4f5e836e432adb518755,0.0,False,,
0,Hang them!!!! HANG THEM HIGH!!!!,"Hang them!!!! HANG THEM HIGH!!!!
",20201129162524.0,2020-11-29 16:25:24 UTC,233baa1697a7438c97113ef680ff1ee1,comments,1.0,1.0,3600.0,1100.0,[],f73ce19867fa4495aa11f6af9b0c9e35,2021-01-09T16:25:24.426162+00:00,[],44.0,22000.0,False,https://parler.com/comment/f73ce19867fa4495aa11f6af9b0c9e35,1.0,[],CMD007OATHKEEPER,False,,,,,,45ddb0cfbdb74acfa7319fa8062177a2,#a60303,0.0,0.0,0.0,45ddb0cfbdb74acfa7319fa8062177a2,1.0,True,,
0,@X22ReportOfficial,"@X22ReportOfficial
",20201213183740.0,2020-12-13 18:37:40 UTC,e11890c2ffc348df9cb703651a3cc9c0,comments,1.0,1.0,16000.0,9200.0,[],d072f9b06db14950a830addbd347f05b,2020-12-19T07:57:25.938961+00:00,[],7300.0,69000.0,False,https://parler.com/comment/d072f9b06db14950a830addbd347f05b,0.0,[],LibertyElaine,False,,,,,,7dabd40ea6b64500a5d31eefb1c72227,#a60303,0.0,0.0,0.0,7dabd40ea6b64500a5d31eefb1c72227,0.0,True,,
-1,@ItsLittleRach I bet there’s a lot of people who are not watching Fox News anymore. I deleted their app this weekend and haven’t watched them since Wednesday morning.,"@ItsLittleRach I bet there’s a lot of people who are not watching Fox News anymore. I deleted their app this weekend and haven’t watched them since Wednesday morning.
",20201109164706.0,2020-11-09 16:47:06 UTC,ac85de16359e430db34a53755cd59e3b,comments,3.0,3.0,16.0,34.0,[],d983225570dd482589835d34ea61609f,2021-01-10T00:35:27.657695+00:00,[],0.0,7.0,False,https://parler.com/comment/d983225570dd482589835d34ea61609f,0.0,[],Trent925,False,,,,,,2095524a303d49b6b978095a2cd8c652,#df009f,1.0,0.0,0.0,92198e647ce54715bd93ce2f300edbdc,0.0,,b48d0d8872d64eedad092dacc7ef295a,1a48c6416c644a08babb94b4935d1b20
2,Make America Great Again Again!,"Make America Great Again Again!
",20201102123553.0,2020-11-02 12:35:53 UTC,fe923ddd38c0464b91dd128a4051dbb8,comments,1.0,1.0,926.0,828.0,[],199c5bd86651420fa15b72e96a95830f,2021-01-09T14:57:05.165304+00:00,[],4.0,693.0,False,https://parler.com/comment/199c5bd86651420fa15b72e96a95830f,3.0,[],Dmarre55,False,,,,,,6d77f827d3e848f9bc7452cd073c6f1b,#a60303,0.0,0.0,0.0,6d77f827d3e848f9bc7452cd073c6f1b,3.0,True,,
1,Did you read when you joined that it said free speech is the basis to this community?? Can’t have it free for one side and not the other. Or if you want everything scrubbed go back to FB or Twitter...,"Did you read when you joined that it said free speech is the basis to this community?? Can’t have it free for one side and not the other. Or if you want everything scrubbed go back to FB or Twitter...
",20201116072051.0,2020-11-16 07:20:51 UTC,14c541cff31f48ce9291f58bd3a76e8b,comments,2.0,2.0,124.0,52.0,[],f40c69df120b49229d51012ed844ee20,2021-01-09T17:33:29.028470+00:00,[],14.0,40.0,False,https://parler.com/comment/f40c69df120b49229d51012ed844ee20,3.0,[],AnonymousCelebrity,False,,,,,,e04c7a1d47064bdebe3a811fd27b9fff,#1fbf5f,1.0,0.0,0.0,d876a6a4cf524f46920159b9c5904d19,3.0,,74f0b81a8b6c40b7a785ace46358b676,
0,"If Biden wins, Harris becomes President and Pelosi VP. Her newphew Gavin Newsom (CA Governor) will be House Speaker (pray it is not so).","If Biden wins, Harris becomes President and Pelosi VP. Her newphew Gavin Newsom (CA Governor) will be House Speaker (pray it is not so).
",20201112080918.0,2020-11-12 08:09:18 UTC,f5e2604533704090ac04426e2f47bc97,comments,1.0,1.0,938.0,939.0,[],a37f8b296fe14bb2bb240dcdf3b20cec,2020-12-26T10:41:11.869472+00:00,[],73.0,774.0,False,https://parler.com/comment/a37f8b296fe14bb2bb240dcdf3b20cec,0.0,[],BelindaDouglas,False,,,,,,24662b184b9542ba9f3853f233530c89,#a60303,0.0,0.0,0.0,24662b184b9542ba9f3853f233530c89,0.0,True,,
0,🇺🇸MAGA 🇺🇸MY🇺🇸 BROTHER🤟OMAGA🤟,"🇺🇸MAGA 🇺🇸MY🇺🇸 BROTHER🤟OMAGA🤟
",20201205175230.0,2020-12-05 17:52:30 UTC,c96672fad59c4fa8a68dca20347f70c9,comments,1.0,1.0,114.0,69.0,[],826b92eddf7d4f3cbcf45d6cd2219134,2021-01-09T08:12:08.104293+00:00,[],26.0,200.0,False,https://parler.com/comment/826b92eddf7d4f3cbcf45d6cd2219134,0.0,[],Rtoney108,False,,,,,,fc24c3d61000444f8f8cd5b9c4725e8d,#a60303,0.0,0.0,0.0,fc24c3d61000444f8f8cd5b9c4725e8d,0.0,True,,
0,Please echo and follow for more videos!,"Please echo and follow for more videos!
https://youtu.be/r81Y5w33J3Q",20200630191845.0,2020-06-30 19:18:45 UTC,0587b98df8584409bf7b47057bf2cd90,comments,1.0,1.0,1600.0,86.0,[],a77ef12ebffa4fb0b38c3d6b48f9a6ec,2021-01-08T22:38:36.894072+00:00,['VH4gS'],25.0,74.0,False,https://parler.com/comment/a77ef12ebffa4fb0b38c3d6b48f9a6ec,0.0,"[{'createdAt': '20200628151119', 'domain': 'youtu.be', 'id': 'VH4gS', 'long': 'https://youtu.be/r81Y5w33J3Q', 'metadata': {'length': -1, 'mimeType': 'text/html', 'site': '@youtube'}, 'modified': 'youtu.be/r81Y5w33J3Q', 'short': 'https://par.pw/l/VH4gS', 'state': 'VALID'}]",Lyricalsaint316,False,,,,,,8c46680979cf4152897855800fb168e6,#a60303,0.0,0.0,0.0,8c46680979cf4152897855800fb168e6,0.0,True,,
0,They aren’t going to let Trump win!,"They aren’t going to let Trump win!
",20201104153934.0,2020-11-04 15:39:34 UTC,cb7ce3adabcd45d2a26a8d301e9051d8,comments,1.0,1.0,29.0,54.0,[],a95c7f2659a84c58b3fd8f8ab17982ca,2021-01-08T23:21:07.898427+00:00,[],12.0,133.0,False,https://parler.com/comment/a95c7f2659a84c58b3fd8f8ab17982ca,0.0,[],Lak52,False,,,,,,5aeb755093f74ee3bd90d62309fc4f9f,#a60303,0.0,0.0,0.0,5aeb755093f74ee3bd90d62309fc4f9f,0.0,True,,
0,I sure hope this is all true,"I sure hope this is all true
",20201206073526.0,2020-12-06 07:35:26 UTC,0b3b99399cf64bfa87158a36e81f91fa,comments,2.0,2.0,3800.0,4000.0,[],0ee929a56b75418d86f360ceec3a6c23,2021-01-09T22:20:23.925741+00:00,[],221.0,917.0,False,https://parler.com/comment/0ee929a56b75418d86f360ceec3a6c23,0.0,[],Davorunner,False,,,,,,f4212b5aeee54488b5c0b84c20759e13,#a60303,0.0,0.0,0.0,f4212b5aeee54488b5c0b84c20759e13,0.0,True,,
0,Who announced?,"Who announced?
",20201104052711.0,2020-11-04 05:27:11 UTC,14d76221060e42abab93015ee2afe43d,comments,1.0,1.0,368.0,234.0,[],93b817fecdc14062944515b8ccfa631f,2020-12-26T20:38:52.623518+00:00,[],5.0,2400.0,False,https://parler.com/comment/93b817fecdc14062944515b8ccfa631f,2.0,[],American212,False,,,,,,1dbf7b909ca4431890fe20c69b8d44ec,#a60303,0.0,0.0,0.0,1dbf7b909ca4431890fe20c69b8d44ec,2.0,True,,
0,@NicR Yes!! 👏👏,"@NicR Yes!! 👏👏
",20201104000918.0,2020-11-04 00:09:18 UTC,ae17e9ccc243475e99d22b67f5021d53,comments,3.0,3.0,1300.0,1300.0,[],a0ffb031e9b043dbad66b6ca75c7fef5,2020-12-26T17:28:19.232693+00:00,[],71.0,569.0,False,https://parler.com/comment/a0ffb031e9b043dbad66b6ca75c7fef5,0.0,[],NorCalShannon,False,,,,,,7469cfd9775b4212ba5b9085ada6e799,#3f1fbf,1.0,0.0,0.0,69d2461913bf4ee8b788962135a37af2,0.0,,30e0b91379354197850e33645da6627f,5b696461e00d4cf9962245f65d7e385e
0,@Maverickcruise Crickets?,"@Maverickcruise Crickets?
",20200903191152.0,2020-09-03 19:11:52 UTC,81ae88bfb3ed4187b7be3553645f2cdd,comments,6.0,6.0,20.0,33.0,[],716883d465e64d4e9abb41eb5c115613,2021-01-09T06:44:46.532971+00:00,[],2.0,252.0,False,https://parler.com/comment/716883d465e64d4e9abb41eb5c115613,0.0,[],Maverickcruise,False,,,,,,4601a1a736764d0b927ae73e1cbbe003,#7f8f7f,1.0,0.0,0.0,1322d6ec08a3405bbea8e473aea0803b,0.0,,7b0d867000c54106b6962af6576c013c,5c1b665a4401426981df1dde4a031055
0,Repeat of 2016!!!,"Repeat of 2016!!!
",20201103234000.0,2020-11-03 23:40:00 UTC,9f3016df37a6473985fd81bfdffe8c12,comments,1.0,1.0,448.0,622.0,[],a7a763811035435fbcf7696b512a0fe6,2021-01-10T23:02:07.774583+00:00,[],20.0,296.0,False,https://parler.com/comment/a7a763811035435fbcf7696b512a0fe6,2.0,[],Terinna,False,,,,,,69d2461913bf4ee8b788962135a37af2,#a60303,0.0,0.0,0.0,69d2461913bf4ee8b788962135a37af2,2.0,True,,
0,❤️you Bill!,"❤️you Bill!
",20201103232629.0,2020-11-03 23:26:29 UTC,cebb15e076404f8e86e8caa1a3b97eb8,comments,1.0,1.0,775.0,1000.0,[],f9fdcf6a98d442c8b7018a4001c8cf8e,2021-01-09T06:54:28.053067+00:00,[],0.0,255.0,False,https://parler.com/comment/f9fdcf6a98d442c8b7018a4001c8cf8e,5.0,[],MarySchulzWI,False,,,,,,69d2461913bf4ee8b788962135a37af2,#a60303,0.0,0.0,0.0,69d2461913bf4ee8b788962135a37af2,5.0,True,,
0,He's communist.,"He's communist.
",20201217061914.0,2020-12-17 06:19:14 UTC,27d2ce698d6747a695c0672b386ff8d5,comments,3.0,3.0,3500.0,3200.0,[],26dccdfd98ed4038bd2dab32ec863c32,2021-01-09T06:37:28.960407+00:00,[],12.0,16000.0,False,https://parler.com/comment/26dccdfd98ed4038bd2dab32ec863c32,0.0,[],Cheddarcurtainchic,False,,,,,,600cd96c510943428c27ec896d95d723,#a60303,0.0,0.0,0.0,600cd96c510943428c27ec896d95d723,0.0,True,,
0,I don’t understand people who support someone who married her brother.,"I don’t understand people who support someone who married her brother.
",20201112214244.0,2020-11-12 21:42:44 UTC,b1bc92ab9f2042018df2f56731fe68fa,comments,1.0,1.0,2600.0,2700.0,[],e403479f07b846f7a896df7d46a8005b,2020-12-30T19:39:42.726681+00:00,[],22.0,4900.0,False,https://parler.com/comment/e403479f07b846f7a896df7d46a8005b,0.0,[],Megcorkery22,False,,,,,,b9a9bdd250a84939b75274ecd6fb31a4,#a60303,0.0,0.0,0.0,b9a9bdd250a84939b75274ecd6fb31a4,0.0,True,,
0,Lol!,"Lol!
",20201103102213.0,2020-11-03 10:22:13 UTC,feeaf93cf55c413d9040f8bceb062d1c,comments,1.0,1.0,531.0,823.0,[],ab7e02322bab4a219e10b079565f0d4b,2020-12-30T13:30:34.352026+00:00,[],25.0,827.0,False,https://parler.com/comment/ab7e02322bab4a219e10b079565f0d4b,2.0,[],Parbird,False,,,,,,ed3fc7ab49f64cbf915beb12046c0ab8,#a60303,0.0,0.0,0.0,ed3fc7ab49f64cbf915beb12046c0ab8,2.0,True,,
-1,Forced means he will only try harder as he has no conscience to have remorse.,"Forced means he will only try harder as he has no conscience to have remorse.
",20201130162034.0,2020-11-30 16:20:34 UTC,a4899dfcc674432c933629e300c40ad2,comments,1.0,1.0,2100.0,2200.0,[],61bc6d1be4e6418c8dd8400d09dbbe5d,2021-01-09T07:33:43.295019+00:00,[],2.0,16000.0,False,https://parler.com/comment/61bc6d1be4e6418c8dd8400d09dbbe5d,2.0,[],Noneya1,False,,,,,,957d7884bbd0420284e782315c520c67,#a60303,0.0,0.0,0.0,957d7884bbd0420284e782315c520c67,2.0,True,,
1,@AnonymousCelebrity u r so hot u spilled,"@AnonymousCelebrity u r so hot u spilled
",20201116072724.0,2020-11-16 07:27:24 UTC,8066f42d7dec45548721c689ec4cc659,comments,3.0,3.0,65.0,57.0,[],771da40313b2406dbd80a1fea708f645,2021-01-09T14:19:18.611116+00:00,[],9.0,44.0,False,https://parler.com/comment/771da40313b2406dbd80a1fea708f645,0.0,[],sexymf,False,,,,,,e04c7a1d47064bdebe3a811fd27b9fff,#1fbf5f,1.0,0.0,0.0,d876a6a4cf524f46920159b9c5904d19,0.0,,74f0b81a8b6c40b7a785ace46358b676,f40c69df120b49229d51012ed844ee20
0,"Go Trump! He got this, no doubt. ❤️","Go Trump! He got this, no doubt. ❤️
",20201112012242.0,2020-11-12 01:22:42 UTC,7069da4de67a4588baa95120c29f7243,comments,1.0,1.0,176.0,164.0,[],565827dda4f34ee5a5766b5e0c7dcb29,2021-01-10T19:12:51.295630+00:00,[],10.0,16.0,False,https://parler.com/comment/565827dda4f34ee5a5766b5e0c7dcb29,1.0,[],AutumnHuseby,False,,,,,,e0c75f8b47e6471eb601733b28702454,#a60303,0.0,0.0,0.0,e0c75f8b47e6471eb601733b28702454,1.0,True,,
0,Damn. These great Patriots make me feel hopeful and protected!,"Damn. These great Patriots make me feel hopeful and protected!
",20201103051506.0,2020-11-03 05:15:06 UTC,76ee80c3825e45b1b630c7bdedce5308,comments,1.0,1.0,498.0,129.0,[],5794c900c87546c8a4d0dd5d0f01fd40,2020-12-24T16:07:12.067455+00:00,[],2.0,1500.0,False,https://parler.com/comment/5794c900c87546c8a4d0dd5d0f01fd40,0.0,[],Cierroblue,False,,,,,,8c08aa1fe62e4d3da78030ab5deff47c,#a60303,0.0,0.0,0.0,8c08aa1fe62e4d3da78030ab5deff47c,0.0,True,,
0,Thanks 👍🇺🇸,"Thanks 👍🇺🇸
",20201202190815.0,2020-12-02 19:08:15 UTC,e989110563f34a7aa6f5192dd8795b07,comments,1.0,1.0,9800.0,9900.0,[],e10ad3b0f7814e07825e8b208176b1db,2021-01-10T18:20:31.074067+00:00,[],81.0,6000.0,False,https://parler.com/comment/e10ad3b0f7814e07825e8b208176b1db,1.0,[],crazylady992,False,,,,,,fc24c3d61000444f8f8cd5b9c4725e8d,#a60303,0.0,0.0,0.0,fc24c3d61000444f8f8cd5b9c4725e8d,1.0,True,,
0,This video shows a tent city in Portland where many violent demonstrators stay when not protesting in the streets and neighborhoods. I wonder how they would feel if they returned to a burned down tent city after one of their violent nightly marches?,"This video shows a tent city in Portland where many violent demonstrators stay when not protesting in the streets and neighborhoods. I wonder how they would feel if they returned to a burned down tent city after one of their violent nightly marches?
",20200903174632.0,2020-09-03 17:46:32 UTC,6f7460f6ae6649cba2917a8cc59af238,comments,2.0,2.0,2700.0,57.0,[],d1ed2108dc314eee97187ef93929b8cb,2020-12-24T17:00:43.959224+00:00,[],52.0,131.0,False,https://parler.com/comment/d1ed2108dc314eee97187ef93929b8cb,0.0,[],Bkeneson,False,,,,,,c050927cc8d34f248e5e604e1b42adee,#808080,1.0,0.0,0.0,1322d6ec08a3405bbea8e473aea0803b,0.0,False,,
0,Damn right he did!,"Damn right he did!
",20201206081337.0,2020-12-06 08:13:37 UTC,5f5240add19a431d92e16209ec45ee6f,comments,2.0,2.0,1600.0,977.0,[],33dfcd48b2ef431ab124734277a93b92,2020-12-29T18:56:37.415246+00:00,[],40.0,7600.0,False,https://parler.com/comment/33dfcd48b2ef431ab124734277a93b92,0.0,[],Patrickl821,False,,,,,,f4212b5aeee54488b5c0b84c20759e13,#a60303,0.0,0.0,0.0,f4212b5aeee54488b5c0b84c20759e13,0.0,True,,
0,Yay 🥰 Impressive hat too 😁,"Yay 🥰 Impressive hat too 😁
",20201202235656.0,2020-12-02 23:56:56 UTC,75f24385c0684434a1257f357ea1f8c0,comments,1.0,1.0,1000.0,826.0,[],57f6d249d4894241b07bcf88d130ba40,2021-01-09T11:16:25.078029+00:00,[],47.0,6300.0,False,https://parler.com/comment/57f6d249d4894241b07bcf88d130ba40,0.0,[],Niagarabac,False,,,,,,fc24c3d61000444f8f8cd5b9c4725e8d,#a60303,0.0,0.0,0.0,fc24c3d61000444f8f8cd5b9c4725e8d,0.0,True,,
0,Love it,"Love it
",20201121195916.0,2020-11-21 19:59:16 UTC,8a542f3972df4cbd8879775dc899e50f,comments,1.0,1.0,22.0,36.0,[],c1f083ef088e475a83f3b9752721e56f,2021-01-09T07:32:45.002635+00:00,[],1.0,168.0,False,https://parler.com/comment/c1f083ef088e475a83f3b9752721e56f,1.0,[],SZQue,False,,,,,,777b4b84026f4b9486330756d1ea5d6a,#a60303,0.0,2.0,1.0,777b4b84026f4b9486330756d1ea5d6a,0.0,True,,
0,FRAUD AND TREASON IS THE DEATH PENALTY FOR THE BOTH OF THEM EVIL BITCHES!!!!!!!!!!,"FRAUD AND TREASON IS THE DEATH PENALTY FOR THE BOTH OF THEM EVIL BITCHES!!!!!!!!!!
",20201205151037.0,2020-12-05 15:10:37 UTC,ee560527eb1c4bc0a79044d30b131e2f,comments,2.0,2.0,356.0,109.0,[],6ae97e0e6fb240ddabb2388302117e27,2020-12-26T14:08:48.936503+00:00,[],7.0,327.0,False,https://parler.com/comment/6ae97e0e6fb240ddabb2388302117e27,2.0,[],Authorgina,False,,,,,,abae487b3d834778985b312e5dcf3cb9,#a60303,0.0,0.0,0.0,abae487b3d834778985b312e5dcf3cb9,2.0,True,,
-1,@wtfisgoingon Nice screen name too 😁👍🏼,"@wtfisgoingon Nice screen name too 😁👍🏼
https://image-cdn.parler.com/c/t/ctg2HjvOTl.jpeg",20200904235757.0,2020-09-04 23:57:57 UTC,e9f1711fcb9945fca1dc2ea58d9f26c1,comments,4.0,4.0,59.0,68.0,[],35a154f7900f4a89ae6563ea6d07e7d5,2021-01-09T10:25:29.577717+00:00,['JRd9O'],7.0,74.0,False,https://parler.com/comment/35a154f7900f4a89ae6563ea6d07e7d5,0.0,"[{'createdAt': '20200904235723', 'domain': 'image-cdn.parler.com', 'id': 'JRd9O', 'long': 'https://image-cdn.parler.com/c/t/ctg2HjvOTl.jpeg', 'metadata': {'length': 80065, 'mimeType': 'image/jpeg', 'site': 'image-cdn.parler.com'}, 'modified': 'image-cdn.parler.com/c/t/ctg2HjvOTl.jpeg', 'short': 'https://api.parler.com/l/JRd9O', 'state': 'VALID'}]",Kdimaging,False,,,,,,cabb92c8a58d4fb1ae4c326b2fcb9a65,#5f9fa3,1.0,0.0,0.0,1322d6ec08a3405bbea8e473aea0803b,0.0,,15fc86da1dd14b5faebf63e342ba1d61,3447ceefc29846549537706774042f0f
1,"Many of US were banned from the Twit because of our conservative narratives.
At least here on Parlor, we can express our thoughts and even talk shit.
It is frustrating to know the M$M, Hollywierd, Pop Culture and Big Tech are biased and one sided.","Many of US were banned from the Twit because of our conservative narratives.
At least here on Parlor, we can express our thoughts and even talk shit.
It is frustrating to know the M$M, Hollywierd, Pop Culture and Big Tech are biased and one sided.
",20191030151516.0,2019-10-30 15:15:16 UTC,2ecfb4b2e30a4f178502156a01e138fe,comments,3.0,3.0,3900.0,2100.0,[],458626fdd28a4586959e5697d68148a5,2021-01-09T07:10:01.340046+00:00,[],115.0,2400.0,False,https://parler.com/comment/458626fdd28a4586959e5697d68148a5,0.0,[],FJondaFly,False,,,,,,79f6d4db85db43b78cb93662691713ae,#df9f8d,1.0,0.0,0.0,550c93b4ff2241acb08453fd2e3df2dc,0.0,,fb1974819ee04373882aaf0d1fa9c7ff,
0,🙏🏻🙏🏻🙏🏻❤️🤍💙,"🙏🏻🙏🏻🙏🏻❤️🤍💙
",20201121011956.0,2020-11-21 01:19:56 UTC,4f4f6693c65547aa9993eafd9ec9126f,comments,2.0,2.0,6100.0,2700.0,[],a241d9a0b66e45a7985b0e95a695b82e,2021-01-09T08:14:14.675612+00:00,[],3.0,3300.0,False,https://parler.com/comment/a241d9a0b66e45a7985b0e95a695b82e,1.0,[],Dawniemac,False,,,,,,a6e32cb177d24086868e5e9dd3806a31,#a60303,0.0,0.0,0.0,a6e32cb177d24086868e5e9dd3806a31,1.0,True,,
0,That would be great,"That would be great
",20201104032809.0,2020-11-04 03:28:09 UTC,2e471b17b25c4353b1758635a2df046b,comments,1.0,1.0,3200.0,3000.0,[],fcdbdb21d5424d6cbf6be3f625eab316,2020-12-26T08:45:34.825001+00:00,[],189.0,3500.0,False,https://parler.com/comment/fcdbdb21d5424d6cbf6be3f625eab316,11.0,[],Albastros,False,,,,,,4c10499db1a04ef18f7027afdfdabec4,#a60303,0.0,0.0,0,4c10499db1a04ef18f7027afdfdabec4,11.0,True,,
0,No obunghole gave them 150BILLION,"No obunghole gave them 150BILLION
",20200411234911.0,2020-04-11 23:49:11 UTC,096afa0b69ea4cdabcd3ac3f799ab15e,comments,3.0,3.0,2000.0,1400.0,[],21f4d02db42b42998888bcd314a66186,2021-01-09T17:13:45.117571+00:00,[],39.0,2300.0,False,https://parler.com/comment/21f4d02db42b42998888bcd314a66186,0.0,[],Wtf8699,False,,,,,,7bd5eaa05fc4423fa2e9f7bd6bf2a9ff,#a60303,0.0,0.0,0,7bd5eaa05fc4423fa2e9f7bd6bf2a9ff,0.0,True,,
0,Repubs are killing it in FL.,"Repubs are killing it in FL.
",20201103233534.0,2020-11-03 23:35:34 UTC,d8a905025bf14d5c85ddb1d5e1ab6d29,comments,1.0,1.0,2.0,34.0,[],9ec639acd1194b979fa0bb96646307b8,2020-12-15T18:28:39.877614+00:00,[],0.0,1.0,False,https://parler.com/comment/9ec639acd1194b979fa0bb96646307b8,10.0,[],N2dubes,False,,,,,,69d2461913bf4ee8b788962135a37af2,#a60303,0.0,0.0,0.0,69d2461913bf4ee8b788962135a37af2,10.0,True,,
-1,I saw that too!,"I saw that too!
",20201104001517.0,2020-11-04 00:15:17 UTC,b61beba4528f4483a8b28b67b2884e37,comments,2.0,2.0,3300.0,906.0,[],170b957fa4364830a921cce9c9d34dc1,2021-01-09T16:50:39.504430+00:00,[],20.0,1700.0,False,https://parler.com/comment/170b957fa4364830a921cce9c9d34dc1,0.0,[],TheSicilian71,False,,,,,,b55b87f9abc240498d0a89fc9820f383,#808080,1.0,0.0,0.0,69d2461913bf4ee8b788962135a37af2,0.0,False,,
1,@mitchellm1872 U commie nat,"@mitchellm1872 U commie nat
",20200623212435.0,2020-06-23 21:24:35 UTC,6bf3e51eae504033a971afc97e416e99,comments,11.0,11.0,41.0,21.0,[],4dce197796bf4bd9b4d9917b3df394c9,2021-01-09T13:05:48.294223+00:00,[],0.0,10.0,False,https://parler.com/comment/4dce197796bf4bd9b4d9917b3df394c9,0.0,[],Craig1872,False,,,,,,d371900cddeb4b03adcc033d174535dc,#00b51f,1.0,0.0,0.0,4209e56a24934e24aef5f1a0a5e5af68,0.0,,8cabe40bdb59492fadf1acb7aabd1b5e,d40389a2bb414f8995a6a0e4818e560a
0,"Do they have a basement?
That's the only place Joe Blow is comfortable.","Do they have a basement?
That's the only place Joe Blow is comfortable.
",20201124010846.0,2020-11-24 01:08:46 UTC,cc36b260b28b46cf871a0c19d9cb4cf9,comments,3.0,3.0,5900.0,11000.0,[],74244366088f458195d912e873579e9b,2020-11-29T09:46:58.035331+00:00,[],0.0,432.0,False,https://parler.com/comment/74244366088f458195d912e873579e9b,0.0,[],Pezzuolo1,False,,,,,,097421d9a67c4ed6be3eea9ae5cee794,#a60303,0.0,0.0,0.0,097421d9a67c4ed6be3eea9ae5cee794,0.0,True,,
0,Please Jesus! Let this be accurate!,"Please Jesus! Let this be accurate!
",20201024132659.0,2020-10-24 13:26:59 UTC,1b5cfe3767d2435089241c64b913cab0,comments,2.0,2.0,4300.0,7900.0,[],94c85e01ce6e4b74b9e40919a423bae9,2021-01-09T11:50:07.025047+00:00,[],136.0,2600.0,False,https://parler.com/comment/94c85e01ce6e4b74b9e40919a423bae9,0.0,[],ShelliFitzpatrick,False,,,,,,89995f0df91d40cdb547fbd05ebfbcd2,#a60303,0.0,0.0,0.0,89995f0df91d40cdb547fbd05ebfbcd2,0.0,True,,
-1,If you know this you know who the real racists are don’t you.,"If you know this you know who the real racists are don’t you.
",20200822161902.0,2020-08-22 16:19:02 UTC,948f26909ed94d29834af489ee1d6465,comments,1.0,1.0,3200.0,4300.0,[],2ca646660c5341d48e73dce0f0892cf5,2021-01-09T09:25:32.050168+00:00,[],1.0,218.0,False,https://parler.com/comment/2ca646660c5341d48e73dce0f0892cf5,3.0,[],Factswin,False,,,,,,12b72d50ba5241efa9aba90a6bf782c8,#a60303,0.0,0.0,0,12b72d50ba5241efa9aba90a6bf782c8,3.0,True,,
1,"Yes, and I’ll join it 😀","Yes, and I’ll join it 😀
",20201026130119.0,2020-10-26 13:01:19 UTC,8affcd43adee4f41bb9a7661c0eea697,comments,2.0,2.0,17000.0,20000.0,[],a02c02ee92744466b13d955e00cfb095,2021-01-09T18:51:35.826049+00:00,[],1100.0,4500.0,False,https://parler.com/comment/a02c02ee92744466b13d955e00cfb095,0.0,[],TiffanythePatriot,False,,,,,,6aec0b37d39540ed923f793fa2fdfb70,#00f13f,1.0,0.0,0.0,4a136471b98b4e0a99caca25c3d0b66e,0.0,,16b432f61ff54061b220a5ce526c3e60,
0,"@Sean1309 What I’m saying is that if Fox had chosen a bunch of women for their intelligence, they would not be all blonde and attractive. So what I’m saying is that I think Fox hired those people based solely on their appearance and not their intelligence.","@Sean1309 What I’m saying is that if Fox had chosen a bunch of women for their intelligence, they would not be all blonde and attractive. So what I’m saying is that I think Fox hired those people based solely on their appearance and not their intelligence.
",20201127200004.0,2020-11-27 20:00:04 UTC,5ed23104405946449220891bc99b1d84,comments,4.0,4.0,258.0,340.0,[],1193a1e100084063841431180ec39ccc,2021-01-09T12:20:27.345324+00:00,[],18.0,238.0,False,https://parler.com/comment/1193a1e100084063841431180ec39ccc,0.0,[],Blackout8771,False,,,,,,eb2e5fef8b374760a09af6b4bd7b4f40,#df1fbf,1.0,0.0,0.0,bb22de59a4ed44fbb70253ce62d72b0c,0.0,,36f5f1dcc2214ae7a98d812a0bd2d9e5,af6bfa5357f04c1ba9dd7407c80b08df
0,That's My President !!!!!,"That's My President !!!!!
",20200930010437.0,2020-09-30 01:04:37 UTC,6bff50f168834fe3ad7342b395fbe69e,comments,2.0,2.0,2600.0,1500.0,[],00c59184f8834bed8621f7c4680a3342,2020-12-06T22:06:05.214163+00:00,[],0.0,4900.0,False,https://parler.com/comment/00c59184f8834bed8621f7c4680a3342,1.0,[],Allenc1951,False,,,,,,c328fc52bd7b45c08eb8f84ebc8fe430,#a60303,0.0,0.0,0.0,c328fc52bd7b45c08eb8f84ebc8fe430,1.0,True,,
0,"And again!

Why?!? Why do African Americans, Latinos and every minority support these people.

I guess that is why they want to pull history classes that shines a bad light on the Democratic Parties past.

Just unbelievable how gullible people really are.

RIF! Reading Is Fundamental!

Look at the history and the current state of your Democratic Party and just walk away!

For the love of America! Please do your research!","And again!

Why?!? Why do African Americans, Latinos and every minority support these people.

I guess that is why they want to pull history classes that shines a bad light on the Democratic Parties past.

Just unbelievable how gullible people really are.

RIF! Reading Is Fundamental!

Look at the history and the current state of your Democratic Party and just walk away!

For the love of America! Please do your research!
",20200822131811.0,2020-08-22 13:18:11 UTC,bbcdfac3c55c40bda6151ec3fec34bb2,comments,1.0,1.0,1500.0,1400.0,[],f140f2d0e14c4d8e9a92235cb0e53f4c,2021-01-09T07:37:47.547724+00:00,[],3.0,385.0,False,https://parler.com/comment/f140f2d0e14c4d8e9a92235cb0e53f4c,3.0,[],LeviVazquez,False,,,,,,12b72d50ba5241efa9aba90a6bf782c8,#a60303,0.0,0.0,0.0,12b72d50ba5241efa9aba90a6bf782c8,3.0,True,,
0,Humor Time,"Humor Time
https://i.imgur.com/FSHhYdr.jpg",20190909002258.0,2019-09-09 00:22:58 UTC,c06b9b50180144919f3ca0993c1f57d0,comments,3.0,3.0,9200.0,7500.0,[],0132339b63084ef5a3e963a2dcea1809,2021-01-10T01:12:50.909399+00:00,['aeAwO'],451.0,3100.0,False,https://parler.com/comment/0132339b63084ef5a3e963a2dcea1809,2.0,"[{'createdAt': '20190909002258', 'domain': 'i.imgur.com', 'id': 'aeAwO', 'long': 'https://i.imgur.com/FSHhYdr.jpg', 'metadata': {'length': 339551, 'mimeType': 'image/jpeg', 'site': 'i.imgur.com'}, 'modified': 'i.imgur.com/FSHhYdr.jpg', 'short': 'https://par.pw/l/aeAwO', 'state': 'VALID'}]",Ivystrings,False,,,,,,79f6d4db85db43b78cb93662691713ae,#808080,1.0,2.0,1.0,550c93b4ff2241acb08453fd2e3df2dc,1.0,False,,
0,"Uhhhhhh hahaha n o

Trumps stupid and a predator .... sooooooooo","Uhhhhhh hahaha n o

Trumps stupid and a predator .... sooooooooo
",20200630183040.0,2020-06-30 18:30:40 UTC,85caaded72764287810bb0f9e7f26bbb,comments,1.0,1.0,17.0,12.0,[],900d862744f34050a64a006bdda49957,2020-12-03T12:15:07.688783+00:00,[],7.0,11.0,False,https://parler.com/comment/900d862744f34050a64a006bdda49957,1.0,[],K0kichi,False,,,,,,8c46680979cf4152897855800fb168e6,#a60303,0.0,0.0,0.0,8c46680979cf4152897855800fb168e6,1.0,True,,
0,"Hated Nixon too!
All to aware of fascist leaders and not gonna allow another one to destroy my country!
Vote Biden and save America from Putin’s Puppet!","Hated Nixon too!
All to aware of fascist leaders and not gonna allow another one to destroy my country!
Vote Biden and save America from Putin’s Puppet!
https://image-cdn.parler.com/r/V/rVrTELm1A9.jpeg",20200820013014.0,2020-08-20 01:30:14 UTC,733678e8ece545d9a3786494fb5f11ea,comments,2.0,2.0,1200.0,327.0,[],0db63623a0424d3ab10590c9ed9d82c3,2020-12-03T07:12:08.588752+00:00,['uNNhZ'],516.0,2600.0,False,https://parler.com/comment/0db63623a0424d3ab10590c9ed9d82c3,0.0,"[{'createdAt': '20200820013012', 'domain': 'image-cdn.parler.com', 'id': 'uNNhZ', 'long': 'https://image-cdn.parler.com/r/V/rVrTELm1A9.jpeg', 'metadata': {'length': 218331, 'mimeType': 'image/jpeg', 'site': 'image-cdn.parler.com'}, 'modified': 'image-cdn.parler.com/r/V/rVrTELm1A9.jpeg', 'short': 'https://api.parler.com/l/uNNhZ', 'state': 'VALID'}]",ConcernedCitizen247,False,,,,,,27ae110f8c7d4a96ad5a4a0f768db986,#808080,1.0,0.0,0.0,c0a5ed97ad55451cbf5462a259237351,0.0,False,,
0,"My prayers are with you 
🙏🙏🙏🙏🙏🙏🙏🙏🙏","My prayers are with you 
🙏🙏🙏🙏🙏🙏🙏🙏🙏
",20200820020224.0,2020-08-20 02:02:24 UTC,3c5aae31a4aa4573bd73d3e36c480099,comments,2.0,2.0,13000.0,11000.0,[],173c462adb7743139320023e0f629e3a,2021-01-08T22:39:59.571989+00:00,[],170.0,6500.0,False,https://parler.com/comment/173c462adb7743139320023e0f629e3a,1.0,[],TOMRJZSR,False,,,,,,5aee4d02e6f34adcb44e6cbdbbe1f3be,#808080,1.0,0.0,0.0,b867550d2f4f4826b8b7f7c97c474dad,1.0,False,,
0,Garbage lying news,"Garbage lying news
",20200903174031.0,2020-09-03 17:40:31 UTC,5d64ec92669641e99b9a792d9cef42fd,comments,2.0,2.0,141.0,23.0,[],b81c6a5a31d242789e5ad62b9f81a214,2021-01-10T21:10:29.090474+00:00,[],10.0,1200.0,False,https://parler.com/comment/b81c6a5a31d242789e5ad62b9f81a214,1.0,[],Jaclyn1967,False,,,,,,cabb92c8a58d4fb1ae4c326b2fcb9a65,#808080,1.0,0.0,0.0,1322d6ec08a3405bbea8e473aea0803b,1.0,False,,
1,You and me both!!! Californian here and sick of it!!,"You and me both!!! Californian here and sick of it!!
",20201108180158.0,2020-11-08 18:01:58 UTC,803af6a9b0674e559fa2c7d923dfcc65,comments,2.0,2.0,12.0,20.0,[],8a5ac181f7a34e329c46a7beb099a2c4,2021-01-09T14:05:01.652829+00:00,[],2.0,45.0,False,https://parler.com/comment/8a5ac181f7a34e329c46a7beb099a2c4,1.0,[],Courtmendez,False,,,,,,caf3cd9680764ddba02d7825cbbbad23,#7fbf1f,1.0,0.0,0.0,05f2cdd75f0c419e9f2497af0c1dfe3b,1.0,,12c31357798b437592eea4d2f4016a13,
0,Hope we win Indy's,"Hope we win Indy's
",20201103232038.0,2020-11-03 23:20:38 UTC,9019f6a77f6e4fb4b223aeee8952c6ab,comments,1.0,1.0,183.0,364.0,[],11ae844a8d11472488ca7d343a57c294,2020-12-25T20:26:38.764278+00:00,[],2.0,81.0,False,https://parler.com/comment/11ae844a8d11472488ca7d343a57c294,12.0,[],rkirchoff,False,,,,,,69d2461913bf4ee8b788962135a37af2,#a60303,0.0,0.0,0.0,69d2461913bf4ee8b788962135a37af2,12.0,True,,
0,Shatterproof glass asshole,"Shatterproof glass asshole
",20200719002206.0,2020-07-19 00:22:06 UTC,2e2ca64582274dcc8a5a69c3aa781d2f,comments,1.0,1.0,23000.0,38000.0,[],c08ee91364b74c8499e977f8a7a80835,2021-01-09T09:56:13.621961+00:00,[],6700.0,24000.0,False,https://parler.com/comment/c08ee91364b74c8499e977f8a7a80835,0.0,[],IMPatriotRU,False,,,,,,c20e2fa8eb0b45618c238f047897eaaa,#a60303,0.0,0.0,0.0,c20e2fa8eb0b45618c238f047897eaaa,0.0,True,,
0,I completely agree.,"I completely agree.
",20201026051640.0,2020-10-26 05:16:40 UTC,bb7c4211202d4cb58d3e465945b8aa36,comments,1.0,1.0,45.0,78.0,[],3e759af92f914769af8ff8f5389e95b7,2020-12-05T16:45:27.103444+00:00,[],1.0,67.0,False,https://parler.com/comment/3e759af92f914769af8ff8f5389e95b7,3.0,[],Bdeaton121,False,,,,,,d4147a2145d345cfaa9e7de3ed30b1ca,#a60303,0.0,0.0,0.0,d4147a2145d345cfaa9e7de3ed30b1ca,3.0,True,,
0,Oan just said they still haven't released Atlanta number. This is nuts that it is even this close!!!,"Oan just said they still haven't released Atlanta number. This is nuts that it is even this close!!!
",20201104054245.0,2020-11-04 05:42:45 UTC,0a0a6b5ea6f748b781e091f958560405,comments,1.0,1.0,172.0,319.0,[],f3e1b5460db449ba8e2491e6fb81e1a5,2021-01-09T17:57:19.211909+00:00,[],6.0,477.0,False,https://parler.com/comment/f3e1b5460db449ba8e2491e6fb81e1a5,2.0,[],123alw,False,,,,,,1dbf7b909ca4431890fe20c69b8d44ec,#a60303,0.0,0.0,0.0,1dbf7b909ca4431890fe20c69b8d44ec,2.0,True,,
