id:ID,comments,body,createdAt,creator,score,sensitive,upvotes,username,post_x,workload1_probability,workload1_label,post_y,pcNum
9c58100ea0fc44d5a999456f75f22ba3,13,CNN DECLARES TRUMP THE WINNER!!! 🥳🥳🥳,20201114215242.0,1a62df57dff846498ea39db3c657c04d,,False,15.0,SavingAmerica,,0.30603623,workload1_entailment,9c58100ea0fc44d5a999456f75f22ba3,2.0
53985299499e4a3ba76c7de0b6ce7fd4,10,"Do NOT listen to the MSM about Trump’s “losses” in court. DJT is actually winning cases. He is the smartest, most patriotic POTUS we have ever had. Truth will prevail. These judges and SCOTUS justices are UNANIMOUSLY supporting the cases. I would know, I’m one of them. I’ll be exposing the DeepState in the coming days, as well as telling you all about the 6D chess game that is currently playing out. This is just the beginning. Stay strong. #maga #parler #donaldtrump #realdonaldtrump #scotus #msmlies #truthmatters #godisgood #supremecourt",20201212191300.0,6ecedcf0e961480cabe0e483d1ac2d8a,,False,8.0,XxPatriot,,0.3131443,workload1_entailment,53985299499e4a3ba76c7de0b6ce7fd4,1.0
d876a6a4cf524f46920159b9c5904d19,10,President Trump could lose if you don't take action. President Trump fought for us for 4 years.We must fight for him now harder than ever!And Establishment Republicans aren't lifting a finger. That means its up to Patriots like you to help Stop The Steal! Sign your petition now to FIGHT BACK!Every LEGAL vote must be counted.Every ILLEGAL vote must be thrown out.STOP THE STEAL!The Democrats are working overtime to STEAL THIS ELECTION!We aren’t going to let them.Save America. Stop Socialism.Defeat the Democrats!,20201115193236.0,8066f42d7dec45548721c689ec4cc659,,False,10.0,sexymf,,0.44457904,workload1_entailment,d876a6a4cf524f46920159b9c5904d19,3.0
5aeb755093f74ee3bd90d62309fc4f9f,9,TRUMP WON,20201104150903.0,146d5797e6544d2996424fd06ede3209,,False,14.0,DrGaryAlan,,0.70046026,workload1_entailment,5aeb755093f74ee3bd90d62309fc4f9f,1.0
6004dfa414ed443ca2c065af395289d1,9,Get ready...Trump is gonna “come back” and EVISCERATE the false COVlD narrative.Watch.,20201005194400.0,6771a6288d81471f9ac1c9191101f69f,,False,122.0,QStorm1111,,0.31269765,workload1_entailment,6004dfa414ed443ca2c065af395289d1,1.0
84f388eb15a54698b4dc9de73a9776f4,9,Kelly Loeffler for Georgia ~ Keep Georgia RedECHO ECHO ECHO!!!!!! Make this go viral!Stand With President Trump#Trump2020LandslideVictory #Trump2020Landslide #Trump2020 #TRUMP2020ToSaveAmerica #AmericaFirst #VoteRed2020 #VoteRedToSaveAmerica2020 #VoteRedToSaveAmerica #RedWave #RedWave2020 #WeThePeople #1A #2A #2AShallNOTBeInfringed #NRA #USA #PJNET #AllLivesMatter #StandUpForAmerica #TrumpRally #TrumpRally2020 #SCOTUS #SupremeCourt #PromisesMadePromisesKept #PromisesKept #stopthesteal #StopTheCoup #4MoreYears #FourMoreYears #AuditTheVote #AuditTheElection #AuditTheBallots #LegalVotesOnly #CountEveryLegalVote #DeclassifyEverything #DominionVotingSystems #GodWins #HoldTheLine #echo #viral #Trending #Trend,20201113234312.0,4cec21e61e90456ea5c64f1f738c180a,,False,132.0,Darkman3500,,0.88701355,workload1_entailment,,
4209e56a24934e24aef5f1a0a5e5af68,9,#trump2020,20200623201325.0,af36e94467734b65bc76c74905733a08,,False,1.0,mitchellm1872,,0.35366523,workload1_entailment,4209e56a24934e24aef5f1a0a5e5af68,1.0
24662b184b9542ba9f3853f233530c89,8,Kevin McCarthy: “Pelosi will not be Speaker of the House”ECHO ECHO ECHO!!!!! Make this go viral!Stand With President Trump#Trump2020LandslideVictory #Trump2020Landslide #Trump2020 #TRUMP2020ToSaveAmerica #AmericaFirst #VoteRed2020 #VoteRedToSaveAmerica2020 #VoteRedToSaveAmerica #RedWave #RedWave2020 #WeThePeople #1A #2A #2AShallNOTBeInfringed #NRA #USA #PJNET #AllLivesMatter #StandUpForAmerica #TrumpRally #TrumpRally2020 #SCOTUS #SupremeCourt #PromisesMadePromisesKept #PromisesKept #stopthesteal #StopTheCoup #4MoreYears #FourMoreYears #AuditTheVote #AuditTheElection #AuditTheBallots #LegalVotesOnly #CountEveryLegalVote #DeclassifyEverything #DominionVotingSystems #GodWins #HoldTheLine #echo #viral #Trending #Trend,20201112063137.0,4cec21e61e90456ea5c64f1f738c180a,,False,59.0,Darkman3500,,0.86760974,workload1_entailment,24662b184b9542ba9f3853f233530c89,2.0
2972ec6c57fe4c88b72d390fe36a5d87,8,#trump2020 #wwg1wga,20200908215407.0,72409f5ccc604a98af0d6fed4a08a9ca,,False,26.0,Shenole13,,0.3594954,workload1_entailment,2972ec6c57fe4c88b72d390fe36a5d87,1.0
7a5b50f6d68948e9bce5d3df6ef5c5b9,6,#trump2020,20201221171019.0,8f91ea54265a4ee2a72c834e3add7c1f,,False,47.0,Gawddemmitt,,0.35366523,workload1_entailment,,
d4147a2145d345cfaa9e7de3ed30b1ca,6,America at crossroads: Think about this-A “presidential candidate” who has sold the nation and its middle class to China/Russia/Ukraine/Kazakhstan is not being exposed threadbare in front of the nation so that the people are informed about who they are voting for-A “presidential candidate” is shielded by media/big tech/Washington establishment from any scrutiny - in fact asking him a question is considered “journalistic malpractice” -A “presidential candidate” calls a “lid” on his campaign just 9 days before an election to avoid any scrutiny-A “presidential candidate” is being used as a Trojan horse to instill socialism in AmericaThis is a dangerous road that the country is on now. The only hope - a majority of well-informed voters will reject this path and re-elect President Trump!!,20201026042741.0,e2e33621639f435db0004242391b61ce,,False,45.0,MAGAPatriot88,,0.90310204,workload1_entailment,d4147a2145d345cfaa9e7de3ed30b1ca,1.0
ab472b6e5b244240b9f8cc9cbae73329,6,Flashback: Former Obama Vice President JOE BIDEN Was Accused of CLASS A FELONY CHARGES In UkraineECHO ECHO ECHO!!!!!! Make this go viral!Stand With President Trump#Trump2020LandslideVictory #Trump2020Landslide #Trump2020 #TRUMP2020ToSaveAmerica #AmericaFirst #VoteRed2020 #VoteRedToSaveAmerica2020 #VoteRedToSaveAmerica #RedWave #RedWave2020 #WeThePeople #1A #2A #2AShallNOTBeInfringed #NRA #USA #PJNET #AllLivesMatter #StandUpForAmerica #TrumpRally #TrumpRally2020 #SCOTUS #SupremeCourt #PromisesMadePromisesKept #PromisesKept #stopthesteal #StopTheCoup #4MoreYears #FourMoreYears #AuditTheVote #AuditTheVotes #AuditTheElection #AuditTheBallots #LegalVotesOnly #CountEveryLegalVote #OnlyLegalVotes #DeclassifyEverything #DominionVotingSystems #GodWins #HoldTheLine #DoNotConcede #echo #viral #Trending #Trend,20201119060412.0,4cec21e61e90456ea5c64f1f738c180a,,False,74.0,Darkman3500,,0.95785624,workload1_entailment,ab472b6e5b244240b9f8cc9cbae73329,1.0
992c3268c2c748a8a4c8d5ff3f5f7142,5,Stand With President Trump ~ Tucker Carlson 2024#TuckerCarlson2024ECHO ECHO ECHO#Trump2020LandslideVictory #Trump2020Landslide #Trump2020 #TRUMP2020ToSaveAmerica #AmericaFirst #VoteRed2020 #VoteRedToSaveAmerica2020 #VoteRedToSaveAmerica #RedWave #RedWave2020 #WeThePeople #1A #2A #2AShallNOTBeInfringed #NRA #USA #PJNET #AllLivesMatter #BlueLivesMatter #BackTheBlue #StandUpForAmerica #TrumpRally #TrumpRally2020 #SCOTUS #SupremeCourt #PromisesMadePromisesKept #PromisesKept #stopthesteal #StopTheCoup #4MoreYears #FourMoreYears #AuditTheVote #AuditTheElection #AuditTheBallots #LegalVotesOnly #DeclassifyEverything #GodWins #echo #viral #Trending #Trend,20201109072858.0,4cec21e61e90456ea5c64f1f738c180a,,False,32.0,Darkman3500,,0.90670645,workload1_entailment,,
dd00a1da4dc042418f800cc0b17c3eb4,4,The time is coming! Get locked and loaded the left is going to loss they shit! Trump 2020 kids! Can you hear the train? @blocked #trumptrain,20201112222215.0,e0a12439614e43e8bfbb0525aab90056,,False,7.0,Deplorableisme,,0.50125974,workload1_entailment,dd00a1da4dc042418f800cc0b17c3eb4,1.0
b12fec62ba334a5cac87a8908d480368,4,Stand With President Trump#Trump2020LandslideVictory #Trump2020Landslide #Trump2020 #TRUMP2020ToSaveAmerica #AmericaFirst #VoteRed2020 #VoteRedToSaveAmerica2020 #VoteRedToSaveAmerica #RedWave #RedWave2020 #WeThePeople #1A #2A #2AShallNOTBeInfringed #NRA #USA #PJNET #AllLivesMatter #StandUpForAmerica #TrumpRally #TrumpRally2020 #SCOTUS #SupremeCourt #PromisesMadePromisesKept #PromisesKept #stopthesteal #StopTheCoup #4MoreYears #FourMoreYears #AuditTheVote #AuditTheElection #AuditTheBallots #LegalVotesOnly #CountEveryLegalVote #DeclassifyEverything #GodWins #echo #viral #Trending #Trend,20201110074805.0,4cec21e61e90456ea5c64f1f738c180a,,False,23.0,Darkman3500,,0.9167414,workload1_entailment,b12fec62ba334a5cac87a8908d480368,2.0
d75d73c4e33f4a23be846988b9a69704,4,#cheersfortrump,20200916212142.0,5ecf1a3a4fdc40d498c63312f80eddff,,False,1.0,DonHo,,0.38235345,workload1_entailment,,
f815b56a39094bc5b6756efd752c47c8,4,"American's need to wake up even if they don't like Trump, the fact is America as you know it will be unrecognizable after 4 years of Democrat control, the super rich won't suffer, the illegals won't suffer, the never worked a day welfare folk won't suffer, the average hard working American will suffer, they will work to provide free health care to illegals, education and college funds to illegals, groups like Antifa and BLM will have power over the average person, the police will be defunded, the future of your kids and their kids will be defined by socialists who care not for the land of the free and home of the brave. You're military will be weakened. Whether yr a Republican or Democrat you are all Americans and the only thing that will save America is Donald Trump",20200629224633.0,c3b3e1d2864740d69f82dd01ca4cb182,,False,6.0,Dtansey97,,0.62333417,workload1_entailment,,
69ed79fdfa614f499633da2a5a53caad,3,🇺🇸 The Golden Lion of Liberty 🇺🇸#maga2020 #trump2020landslidenationwide#warriorpatriot #godblessamerica,20200709021228.0,a6f2b48eb00047e3ba8e2aa8e7e69b33,,False,17.0,PenEndemic,,0.46908033,workload1_entailment,,
abae487b3d834778985b312e5dcf3cb9,3,#trumpwon,20201205122331.0,11caffddf11b4439aa2b5a412f93f1f4,,False,45.0,Mishellespry,,0.5410316,workload1_entailment,abae487b3d834778985b312e5dcf3cb9,1.0
e93be927657043be9d8bac98aa12397a,3,"I'm about to crash for the night, but I wanted to say this: We will win. Ignore the naysayers. The flood of evidence is so overwhelming they can't deny it forever. They thought they had this in the bag with RBG, but when she died, I believe it ruined their plan. That's why they reacted the way they did about demanding Trump wait until after the election to appoint someone. They needed the court to be stacked when they executed their plan. This was always going to end in the Supreme Court. With ACB, and a solid 5-4 for conservatives, this will end up with Trump in the White House and trials for the traitors. I'm convinced of it. I also believe they panicked because so many Trump votes showed up they didn't have a contingency plan for it. In their panic they made a lot of mistakes. They put everything into warp drive and printed too many ballots, deleted too many votes, added too many votes, and just generally screwed up. Just watch. Until then, we keep up the good fight! Gnight.",20201206115022.0,08d04b67242c41fc83b598159e70a121,,False,17.0,ElPercho,,0.39927968,workload1_entailment,,
7bd5eaa05fc4423fa2e9f7bd6bf2a9ff,3,Screw Iran Osama already gave them millions..America First..Trump 2020,20200411034512.0,c62630cc0e8b48718f52f352b23e8a6d,,False,6.0,drultra,,0.33194107,workload1_entailment,7bd5eaa05fc4423fa2e9f7bd6bf2a9ff,1.0
75939697853143199c1b2f22ab5c782c,3,#TRUMP2020 is here!,20201102180505.0,1db15757b45945e0b675baccf3de2670,,False,7.0,JasonOnBlast,,0.539237,workload1_entailment,75939697853143199c1b2f22ab5c782c,1.0
f5b39ae8f62644f8ab4d1cce5b54d350,3,"Trump’s road to victory:1) North Carolina - yes2) Georgia - yes3) Michigan - yes4) Wisconsin - yesWith those 4 + Alaska, it’s over! PA can count till the cows come home!!Moooooove over dummocrats! Trump’s here for another 4 big ones!!😎🇺🇸🇺🇸🇺🇸🇺🇸🇺🇸",20201104063714.0,b7326ae8910f4b4284a1902d69920df8,,False,2.0,Floorfax1,,0.3510231,workload1_entailment,,
4b5f35f6d6d84916b3fe8158022249ae,3,So TRUMP right again,20201026014021.0,12feefacc6af4fe4a726da445e90bb21,,False,42.0,wallace09,,0.5165713,workload1_entailment,,
e5c64a4283bc4ce5b2f0d2ca8591243f,3,HOLY PICKLES something big is up...#linwood #attorneylinwood GOING OFF on #briankemp #governor of #georgia on Twitter. #election2020 #electionfraud #stopthesteal #maga #georgiafortrump #mailinballots #trump #donaldtrump #trumpwins #winning,20201117004511.0,aeede5cbe49946d884fde59502bad86b,,False,58.0,carolinagirl888,,0.5014226,workload1_entailment,,
22f4a3cdc1884573bed13d1d5f5eab34,3,This is awesome!!! TRUMP2020,20200726213703.0,024067189ce147ef8cf8345903025a3f,,False,9.0,Brig64,,0.4118775,workload1_entailment,,
7dfd2e67ddcc44d58d562ae0c8771f48,3,"Here’s Why The Polls Are Wrong and Trump Will Cruise to VictoryDinesh D'Souza Published November 1, 2020SHARE",20201101230024.0,713ab2bc538e4b309c0f8369936faf5f,,False,30.0,crichmond,,0.44318518,workload1_entailment,,
e3030c1cbb6f44be919950c22c7d182d,3,STAND UP DEMOCRATS!BE COUNTED!The democrat party is “THE RACIST PARTY OF CRIME”!These 12 years of HELL are coming to a END!Republicans AND Democrats are coming together because our differences are reasonable!Trump is going to win in a landslide!Do the right thing!Be on the right side of history!GO TRUMP! 👍,20200820195324.0,2d3ca415ca974b1da10686bdf79be385,,False,12.0,Jimwoods2,,0.8791601,workload1_entailment,,
a4ceecd9617b4b6ab005a6f63b013e87,2,"🏝🕶Kat Wolfrey🇺🇸😘 (@KatherineWolfr2) Tweeted:ITS HAPPENING...THE WIN IS COMING..WE WILL SOON KNOW JUST HOW CROOKED THESE PEOPLE ARE...KEEP THE FAITH CAUSE OUR PRESIDENT OF THIS UNITED STATES ISN’T GOING ANYWHERE EXCEPT INTO THE NEXT 4 YEARS...WE WON’T LET THIS ELECTION BE STOLEN ..TRUMP,TRUMP,TRUMP TRUMP ❤️TRUMP 2020 !",20201109210024.0,4f2bc132007ba3b7f392478ee774dd67,,False,17.0,Howardmclain,,0.44947216,workload1_entailment,,
7c55fc39d76841e9a9cac46401ec7e46,2,#trumpwon,20201223121210.0,11caffddf11b4439aa2b5a412f93f1f4,,False,6.0,Mishellespry,,0.54103214,workload1_entailment,7c55fc39d76841e9a9cac46401ec7e46,1.0
3e9423a9945549c6931236f532ebe8c4,2,👹⚔️❤️🇺🇸🦅💪🏻🙏🏻⚔️#wwg1wga #sayhisname #trump2020 #votekimberlyklacik#voteredinperson2020 #1a #2a #womenfortrump #bluelivesmatter #kag2020 #kag#maga #maga2020 #savethechildren#childtrafficking #backtheblue #epsteinisland #disneyGate #disney #pedowood #elitepedos #memes #msm #thegreatawakening #youaintblack #clownworld #trusttheplan #wearethenewsnow #darktolight #clone #pedovore #qdrops #treason #bidengate#cannibals #plandemic #demonratcriminalcabal #georgesoros #boycotttarget #voteredtosaveamerica#obamagate #adrenochrome #pizzagate#frazzledrip#freedom#walkaway@davidwilliams128,20200902230616.0,d8351de608ea4442a8feeb58c4bd191a,,False,1.0,Reeseysnotsorry,,0.34334666,workload1_entailment,,
ae0d02db212847b5b8922b40e22755c7,2,🇺🇸🇺🇸TRUMP 2024🇺🇸🇺🇸,20201113131206.0,b9b7ac1ca5864cfe91767bcb431fabbb,,False,1.0,Ckoppel,,0.3144919,workload1_entailment,,
93643999a42d41bc96b771aebe5fb185,2,"Hillary Clinton on 'Daily Show': Americans should 'be ready' if Trump won’t ‘go quietly’ after electionClinton also slammed the president's COVID-19 responseHRC would know a thing or two about not accepting a loss!! She is disgusting! Thankfully, POTUS will win 2020!! #lockherup #clintonbodycount #goawayhillary #trump2020 #kag #maga",20200714155931.0,fbef0dc7e98a4a6c8ed2ed762c7d65d9,,False,6.0,Korrin45,,0.3618617,workload1_entailment,,
337839db116c43c69b5e96410c4a9679,2,HISTORY RepeatIng. #goodbyebiden#votetrump2020tosaveamerica,20201026051755.0,e11890c2ffc348df9cb703651a3cc9c0,,False,7.0,LibertyElaine,,0.80748177,workload1_entailment,,
3f06e4338698436ba2a09797c61e5930,2,"TIME TO CARPET-BOMB EVERY IRANIAN MILITARY BASE !!!💥Three out of five rockets fired directly hit the US embassy in Iraq’s capital, a security source says, including one that slammed into a cafe. 💥Genocidal Islamist Iranian mullahs must be taught a lesson that they'll NEVER forget !#genocidal #Iran #Iranian #terrorist #terrorists #JihadSquad #TerrorSquad #Islamist #Islamic #ISIS #Hezbollah #Hamas #CAIR #MuslimBrotherhood #IranianTerrorist #Soleimani #QassemSoleimani #Iraq #Mullah #palestine #rapists #pedos #Democrat #Democrats #DeportTerrorists #Obama #IlhanOmar #Tlaib #AOC #DemocratsAreTerrorists #AdamSchiff #Pelosi #Nadler #FakeNews #traitors #StopTheCoup #DeepState #ImpeachmentHoax #QAnon #QArmy #WalkAway #Trump #patriot #Patriots #VoteRedToSaveAmerica #MAGA #KAG #SupportOurPresident #POTUS #KAG2020 #MAGA2020 #Trump2020 #VoteRed #TrumpTrain2020 #WWG1WGA",20200127001405.0,23873d4aad0544d4aa67bf7b7798af58,,False,14.0,AmericaWins2020,,0.47040537,workload1_entailment,3f06e4338698436ba2a09797c61e5930,1.0
a7433cfbd28349e58e602e4548c30bab,2,Barr Appoints Durham Special Counsel for Investigation Into Origins of Russia Probe - WSJECHO ECHO ECHO!!!!!! Make this go viral!Stand With President Trump#Trump2020LandslideVictory #Trump2020Landslide #Trump2020 #TRUMP2020ToSaveAmerica #AmericaFirst #VoteRed2020 #VoteRedToSaveAmerica2020 #VoteRedToSaveAmerica #RedWave #RedWave2020 #WeThePeople #1A #2A #2AShallNOTBeInfringed #NRA #USA #PJNET #AllLivesMatter #StandUpForAmerica #TrumpRally #TrumpRally2020 #SCOTUS #SupremeCourt #PromisesMadePromisesKept #PromisesKept #stopthesteal #StopTheCoup #4MoreYears #FourMoreYears #AuditTheVote #AuditTheVotes #AuditTheElection #AuditTheBallots #LegalVotesOnly #CountEveryLegalVote #OnlyLegalVotes #DeclassifyEverything #DominionVotingSystems #GodWins #HoldTheLine #ILoveAmerica #DoNotConcede #SwampPanic #FightBack #BidenCheated #BidenCheats #echo #viral #Trending #Trend,20201201230855.0,4cec21e61e90456ea5c64f1f738c180a,,False,4.0,Darkman3500,,0.9320834,workload1_entailment,,
2e4a4ece09a6453fa4372e5db52a87a8,2,Hey 👋 Democrats!Are you tired of being lied to?GO TRUMP! 👍,20200909141837.0,2d3ca415ca974b1da10686bdf79be385,,False,14.0,Jimwoods2,,0.39540726,workload1_entailment,,
3d92ee4ef7444d599520a76e60899e21,2,TRUMP LIFE,20201113151836.0,9c9f5f89d7e2433cb79c80fc9c13ae2d,,False,57.0,NINOAMERICA,,0.64669526,workload1_entailment,,
2375f4f306984dd9a705826bb508c959,2,FUNNY THAT BLOOMBERG HAS A HIT PIECE ON TRUMP’S NIECE’S ATTEMPT TO BASH DJT AND MAKE MONEY AIRING DIRTY LAUNDRY !! THAT JUST SHOWS HER TRUE CHARACTER AND GREED AND PROVES THE SCUM MEDIA WILL CONTINUE TO CHEAT LIE AND ANTAGONIZE BECAUSE THEY KNOW THEY CANNOT WIN ! TRUMP 2020 BECAUSE ENOUGH IS ENOUGH !! TAKE AMERICA BACK !!,20200707221128.0,2ca194a6e96d42bd950a9a7d53d2c2e5,,False,24.0,F78pbass,,0.40851942,workload1_entailment,,
d389be79568b41f8949cf479dd481081,2,"Obama was a real piece of shit, wasn’t he? Thank God for President Trump!!!",20200217130407.0,109088bb7c29b75eb8688df987ea4878,,False,15.0,Vene100,,0.37306207,workload1_entailment,,
621df20863e5402c8e3792819136c578,2,POTUS Trump will win 2020 with 330 Electoral Votes! Man Who Says He Predicted 2016 Perfect To Within Half a State Has Trump Winning With 330 Electoral Votes in 2020!,20201016013929.0,69ed2f765addaf481a79a741e536e2f8,,False,7.0,WorldTvlr,,0.40210828,workload1_entailment,,
67844e483f7e4513bd4a3a4619b336cc,2,🖕🏻Scum floats💩#patriotsunited#Americastrong🦅#patriotsfight⚔️‼️#TrumpWON💯#Peacethroughstrength #molonlabe #war #bikersfortrump#marchfortrump #supporttrump #kag #trump2020 #1776#Americafirst #dominionwatch#maga #maga2020 #wwg1wga #kag2020 #adrenochrome #hrc #thesepeoplearesick #frazzledrip #pedowood #fallcabal #patriots #elections2020 #pedogate #obamagate#GODwins #mailinballots #hunterlaptop #echothis #treason #potus45#stopthesteal #nevergiveup #standup #holdtheline#epstein #satanicelite#orionlines #freedom #America #censorship#USA #truth #2ndamendment#tunnels #communism#humantrafficking#trump #hanx #jfkjr@teamtrump#warroompandemic#voterfraud #bigtech #electionfraud #nwo#greatestpresidentever#facts #smartmatic #digitalsoldier #poyb#wakeup #walkaway #kraken #lin#GodblessAmerica #Trump2020landslide@EricTrump #Trumptrain #nomasks muzzlingU #lockdowns NOTLAW#fightback #resist #17 #sayit #1776worldwide#transparency2Q2Q @davidwilliams128 #savethechildren,20201211173432.0,d8351de608ea4442a8feeb58c4bd191a,,False,17.0,Reeseysnotsorry,,0.4156393,workload1_entailment,,
3ae13d5b91d943d2b2d376adb78c3a71,2,"🚨🚨🚨🚨🔥🔥Devin Nunes Puts Obama On Notice, Calls For Special Counsel Probe Into Barack After Calling Him Biden’s Overlord📣📣ECHOOOOOO!!!!🇺🇸🦅#InGodWeTrust #VoteTrump2020ToSaveAmeric#teamtrump #StopTheFruad #stopthesteal #parler#canada#parlercanada#parlerusa#slowjoe#parl#recountthevotes #evangelical #trump #christianity #church #christian #jesus #bible #religion #gop #evangelicals #god #gospel #conservative #maga #americafirst #faith #exvangelical #republicans #covid #donaldtrump #pastor #baptist #truth #theology #apologetics #catholic#instagram #follow #history #biden #indianpolitics #a #amitshah #art #instagood #blacklivesmatter #berniesanders #libertarian #makeamericagreatagain #socialism #republicans #joebiden #indian #kag #democracy #communism #delhi #blm #maharashtra #corona #elections",20201124001124.0,6989bdbf18804002a0095c40e6e28e65,,False,6.0,LadyTKelso,,0.8842399,workload1_entailment,,
2373ade28711481ea25bc315ec2baf74,2,"And da bear ain't happy ....., RE-ELECT PRESIDENT TRUMP!!",20200709112823.0,35864ce9effb41279714e8d29f1b2579,,False,18.0,Mainbymac,,0.33871564,workload1_entailment,,
1dbf7b909ca4431890fe20c69b8d44ec,31,TRUMP JUST WON GEORGIA!,20201104052642.0,6771a6288d81471f9ac1c9191101f69f,,False,310.0,QStorm1111,,0.3023853,workload1_entailment,1dbf7b909ca4431890fe20c69b8d44ec,3.0
a01d283452f743e59c67c331af728a3a,15,"RELEASE THE KRAKEN- Unofficial Movie Trailer -This is an important week for the United States of America! The president’s legal team takes the evidence of voter fraud to the courts! If you liked the video and would love for me to create more of these videos, ECHO and UPVOTE! Let’s see if we can get this to go #viral The Battle Begins! #voterfraud #dominion #freedom #maga #election2020 #fakenews #mailinvoterfraud #msm #stopthesteal #marklevin #trumpwon #holdtheline #patriots #usa #follow #followback #seanhannity @Marklevinshow @SeanHannity",20201122134332.0,bedd3b759f2443969a57f60cc69156f5,,False,79.0,wesatkinson,,0.6144871,workload1_entailment,a01d283452f743e59c67c331af728a3a,2.0
88936cc4fc684a0980a0e5cbf2103205,12,MAGA hats on for President Trump!,20201105221359.0,f32764cd89b2459aba74aa947672408f,,False,165.0,JesseLeePeterson,,0.3505766,workload1_entailment,88936cc4fc684a0980a0e5cbf2103205,2.0
550c93b4ff2241acb08453fd2e3df2dc,10,#MAGA2020 #KAG2020#TrumpLandslide2020#KeepOnTrumpin👊,20190908200458.0,4e8ff673b05e44a7b7dc3a7016803639,,False,179.0,Trump45JPSavvy,,0.44612968,workload1_entailment,550c93b4ff2241acb08453fd2e3df2dc,3.0
7505e20c237b4d2cb09efe5a1a6e1b05,7,"When the DUST SETTLES and the court cases are over, this is the most likely outcome. Trump WINS BY A LOT!!! Michigan and Wisconsin were total STEALS using the universal mail in ballots which are marked with a high tech system with its own Block Chain, unbreakable encryption. Arrests are already under way. We just don't know who or where at the moment. The Democrat party is FINISHED!!! It can never recover from a MASS THEFT of an election this HUGE.",20201108045927.0,979d4ea34bae4e54abcb7554ad8be346,,False,26.0,LibertyInfo,,0.37266618,workload1_entailment,7505e20c237b4d2cb09efe5a1a6e1b05,2.0
c20e2fa8eb0b45618c238f047897eaaa,5,If you own a business where Black Lives Matter is rioting you better call your insurance company.Looters drives Uhaul through entrance way as others attemp to break into Chanel.Left is crazy radical communist Antifa.Republican congressman have no balls.Vote Trump 2020 for PresidentElect LAURA LOOMER for Congress🇺🇸🇺🇸🇺🇸🇺🇸❤️❤️❤️🇺🇸🇺🇸🇺🇸🇺🇸🇺🇸The silent majority can’t remain silent anymore.@DoingRight1 follows back all #maga #kag #veteran #lauraloomer #gijoevets #trump2020,20200718185408.0,de287e8b6026980ea0372c95b1439588,,False,22.0,DoingRight1,,0.61699915,workload1_entailment,c20e2fa8eb0b45618c238f047897eaaa,1.0
96648457d2244ad49ecedb741f0af013,5,President Trump is the right leader at the right time in our history. His Presidency closely tracks that of Abraham Lincoln.President Trump loves America. He loves freedom. He loves We The People.He will lead us to victory & truly Make America Great Again.,20201209081225.0,85d380abbcc94eb0a8d1fbaa3a9edd81,,False,69.0,TheProudPatriot,,0.5944433,workload1_entailment,96648457d2244ad49ecedb741f0af013,2.0
7b2772d904c4403a898a37c44ecc5862,5,BOOM! #TRUMP #trumptrain #donaldtrump #presidenttrump #conservative #meme #news #gop #covid19 #qanon #thegreatawakening #blm #teamtrump #patriotprayer #proudboys #wwg1wga #q #qarmy #prolife #deepstate #keepamericagreat #makeamericagreatagain #votetrump2020 #godblessamerica #bidencrimefamily #arizona #kag2020 #pennsylvania #stopthesteal #fraud #truth #Election2020 #stopthesteal #VoterFraud #ElectionFraud #USPolitics #maga #TRUMP2020,20201129211652.0,4ff883278b5840d887fc02e116f5b2e5,,False,15.0,uniteddeplorablesofamerica2020,,0.40940446,workload1_entailment,7b2772d904c4403a898a37c44ecc5862,1.0
eca478f669ac480ca196dd7d0ad1a1c8,4,#thestormishere #darktolight #trump2020landslide #recountallstates2020 🇺🇸,20201111005842.0,7906013a322e49cdac21078afdb82455,,False,43.0,GinaP,,0.38639957,workload1_entailment,,
9a80d9663a37460b8283ef1f2bd04f5f,4,"GOOD MORNING PATRIOTS!President Trump created the best economy the country has seen.Biden would be a disaster and sell us out to every country he could, and make himself rich along the way.Former Shell President discussed the disaster Biden’s administration would be to the US oil industry #trump #election2020 #freedom #whitehouse #parlerusa #usa #americafirst #teamtrump #patriots #holdtheline #standfortheflag #voterfraud #kag #kag2020 #kagpatriots #trumptrain #presidenttrump #keepfighting #resist #stopthesteal #fightback #trumpwon #nevergiveup #maga2020 #digitalsoldiers #wethepeople #draintheswamp",20201204125213.0,3233f3393c464a399a810e3cbace0f94,,False,30.0,Crummybaker,,0.34694526,workload1_entailment,9a80d9663a37460b8283ef1f2bd04f5f,1.0
5fc8fa4d985f4f24b0734901273ead68,3,CNN...Now wants to preach the true gospel of our CONSTITUTION..🙄 ...They're realizing what's Coming and there's NOTHING they can do to stop it!! #InGodWeTrust #MAGA2020 #FourMoreYears #Trump 📣📣ECHOOOOOO!!!!🇺🇸🦅#InGodWeTrust #VoteTrump2020ToSaveAmeric#teamtrump #StopTheFruad #stopthesteal #parler#canada#parlercanada#parlerusa#slowjoe#parl#recountthevotes #evangelical #trump #christianity #church #christian #jesus #bible #religion #gop #evangelicals #god #gospel #conservative #maga #americafirst #faith #exvangelical #republicans #covid #donaldtrump #pastor #baptist #truth #theology #apologetics #catholic#instagram #follow #history #biden #indianpolitics #a #amitshah #art,20201128150713.0,6989bdbf18804002a0095c40e6e28e65,,False,7.0,LadyTKelso,,0.5414524,workload1_entailment,5fc8fa4d985f4f24b0734901273ead68,1.0
bb67cbdd7e644d7caf43d6435c219d80,3,#trump2020tosaveamerica,20201114131357.0,b7d1aa6351a944f1aee73de7f3adb14b,,False,5.0,DreamWeaver1,,0.88271254,workload1_entailment,bb67cbdd7e644d7caf43d6435c219d80,1.0
a3b705f1402e4ba09971932a73ae3228,3,TRUMP 2020 MOTHER FUCKERS !! ✊👏💖,20200802211949.0,df38da7143a742e2ac019d091a9d3d30,,False,17.0,EelHk2017,,0.39846003,workload1_entailment,,
90d3ecc54b9a4655921f81b4854d09af,3,"The Democrats cheated big time, and got caught. A Republican WIN! 🇺🇸Follow @RepublicanFighter to stay informed! 👍🏻#Trump2020 #maga #Parler #ParlerKSA #WWG1WGA #Qanon #KAG #KAG2020 #News #America #Conservative #MAGA2020 #QArmy #Patriot #Patriots #KAGPatriots #Freedom #TheGreatAwakening #Politics #GodWins #justice #WakeupAmerica #DrainTheSwamp #Obamagate #SaveTheChildren #USA #ParlerUSA #memes #SaveOurChildren #Truth #trumpteam #donaldtrump #greatagain #trumptrain #politicstime #parlernews #mypresident #trumparmy #mikepence #melaniateam #trumpalways #vote #votered2020 #Trump #PresidentTrump #VoteTrump2020 #WomenForTrump #RealDonaldTrump #TrumpRally #TrumpPence2020 #TrumpSupporters #VoteTrump",20201118170100.0,e32200bed8df4bda970468fb64973054,,False,57.0,RepublicanFighter,,0.71282035,workload1_entailment,,
978fae5f66b244a58d2f00ff7090ff3e,3,"IT'S THE 🎯ECONOMY FOR FAMILIES: Food on the table, education and health. #votetrump2020tosaveamerica QUALITY of Life.EnjoymentLife. LIBERTY. Pursuit of happiness. @realDonaldTrump @BeachGal416 @RealGOPReload @LauraLoomer @Milo @KTHopkins @BreitbartNews @JaySekulow @RoyalJohnRose",20201021230526.0,e11890c2ffc348df9cb703651a3cc9c0,,False,8.0,LibertyElaine,,0.7432094,workload1_entailment,978fae5f66b244a58d2f00ff7090ff3e,1.0
2b3ad7546b2d42f181dda643da14fa6e,3,"If we Patriots stand United again , President Trump will be re elected again. WE ARE POWERFUL UNITED 👊👊👊👊💯💯💯💯🇺🇸🇺🇸🇺🇸🇺🇸",20191207210956.0,21031f424913456591d9a9aed4ff26c7,,False,61.0,Cobrarick98,,0.5056075,workload1_entailment,,
5ce0e03e986745908af8d898403022d4,3,Love it!!Trump2020!!🇺🇸🇺🇸🇺🇸🇺🇸,20201102182936.0,02a1de94167446048c0252188e83fc22,,False,34.0,Cocovfefe,,0.3194242,workload1_entailment,,
c328fc52bd7b45c08eb8f84ebc8fe430,3,MAGA PRESIDENT TRUMP!!!!🇺🇸🇺🇸🇺🇸🇺🇸,20200930010342.0,663c7b6197014b8b9e578a0ca472e649,,False,10.0,Sgventi,,0.44675595,workload1_entailment,c328fc52bd7b45c08eb8f84ebc8fe430,1.0
9ae69772ccc64e9082836b59ace9acb2,3,This is a MUST READ!👀I’m believing that TRUMP has this! Everything is building towards one EPIC take down.🙏🏼,20201218151520.0,f33ab1f77d2f4db1865af7081b3bac59,,False,20.0,QsoWoke,,0.30988795,workload1_entailment,,
52d37340ecb442ce894b92c5f7831921,3,"Brennan is a Traitor, Muslim Anti American clown 🤡 in America... not for much longer! #militarytribunals #gitmo 💀 #trump2020 #brennanknew #obamagate #spygate #fisagate #draintheswamp",20200612121622.0,c069e14fa32a4935aba59f9c371e4418,,False,24.0,Starseed77,,0.56712496,workload1_entailment,,
f641dbafae1745db9f37e136203e604a,2,👿ECHO the #TRUTH#molonlabe #patriotsunited#marchfortrump #proudboys #supporttrump #kag #trump2020 #1776#americafirst #dominion#maga #maga2020 #wwg1wga #kag2020 #adrenochrome #thesepeoplearesick #bidencrimefamily #frazzledrip #pedowood #democratcriminalcabal #elections2020 #pedogate #obamagate#GODWINS #patriots #mailinballots #whereshunter #laptopfromhell #treason #potus45#stopthesteal #holdtheline #poyb #nevergiveup #standup #maxwell #epstein @davidwilliams128@TheProudBoys #thesepeopleareevil #hrc #orionlines #freedom #USA #1a #2a #tunnels #communism#humantrafficking#trump #satanist #hillaryclinton@teamtrump#savethechildren@warroompandemic#voterfraud #electionfraud #greatestpresidentever#facts #smartmatic #releasethekraken#digitalsoldier #wakeupamerica #walkaway #kraken @davidwilliams128#qanon #nwo#GodblessAmerica #bigtech #Trump2020landslide@EricTrump #Trumptrain #nomasksNO #lockdownsIT’S NOT THE LAW #fightback #resist #revolution #sayit#wearethenewsnow,20201129201901.0,d8351de608ea4442a8feeb58c4bd191a,,False,4.0,Reeseysnotsorry,,0.50574684,workload1_entailment,,
8f10650d4547481fa0471f7174390bd7,2,#trump2020,20201012165738.0,c17af36b41204260a72c2c26cd60600a,,False,28.0,DiaNik1,,0.353664,workload1_entailment,,
bb22de59a4ed44fbb70253ce62d72b0c,2,Ever notice how the majority of female Fox News anchors are unusually attractive blond women? Makes you wonder what characteristics they were selected for by their employer...#Fox #FoxNews #FoxBusiness #qanon #saveourchildren #OAN #OANN #Breitbart #Infowars #Trumptrain #Teamtrump #trump #trump2020 #MAGA #MAGA2020,20201126224010.0,5ed23104405946449220891bc99b1d84,,False,3.0,Blackout8771,,0.35675824,workload1_entailment,bb22de59a4ed44fbb70253ce62d72b0c,1.0
b37f17e285e0440daa8df7a22a0ef4a5,2,#trump #donaldtrump #parler #rudygiuliani #sidneypowell #usa #god #jesus #americafirst #stopthesteal #blm #trumptrain #parlerusa #kag2020 #maga #thegreatawakening #wakeupamerica #keepamericagreat #pizzagate #markzuckerberg #foxnews #covid19 #democrats #voterfraud #saveourchildren #obamagate #biden #joebiden #qanon #draintheswamp,20201126163227.0,304d58661b6e4c6ba8d8bcc3003d7c31,,False,16.0,LordAntifa,,0.43555957,workload1_entailment,,
0c68aab2ff5246f3b10e2dd66a441f57,2,"Yeah im out for the night ! I just dont even wanna think right now , time to pray and let go of this nonsense believe God , trust the in the lord Trump shall reign again ! God knows kamala heart and soul and he answered 63 million prayers in one night and saved ilus grom hillary i gotta believe he will save is from kamala harris as well . we all know joe biden is not even in the picture any more , . you either vote for America under Trump or u vote for communism under kamala( joe ) muslim nwo demise !",20200812001551.0,c0512af39cdc493a80a530d802a05b79,,False,19.0,Smtishot,,0.8995751,workload1_entailment,,
2dbd6ae545074922b647a90457f8eb1d,2,Senate Conservatives gunECHO ECHO ECHO!!!!! Make this go viral!Stand With President Trump#Trump2020LandslideVictory #Trump2020Landslide #Trump2020 #TRUMP2020ToSaveAmerica #AmericaFirst #VoteRed2020 #VoteRedToSaveAmerica2020 #VoteRedToSaveAmerica #RedWave #RedWave2020 #WeThePeople #1A #2A #2AShallNOTBeInfringed #NRA #USA #PJNET #AllLivesMatter #StandUpForAmerica #TrumpRally #TrumpRally2020 #SCOTUS #SupremeCourt #PromisesMadePromisesKept #PromisesKept #stopthesteal #StopTheCoup #4MoreYears #FourMoreYears #AuditTheVote #AuditTheVotes #AuditTheElection #AuditTheBallots #LegalVotesOnly #CountEveryLegalVote #OnlyLegalVotes #DeclassifyEverything #DominionVotingSystems #GodWins #HoldTheLine #DoNotConcede #echo #viral #Trending #Trend,20201119015327.0,4cec21e61e90456ea5c64f1f738c180a,,False,4.0,Darkman3500,,0.8146278,workload1_entailment,,
b7a1f8b760104c609c056d7ac203d0ca,2,Trump 2020 baby!!!,20200825231808.0,3f51fd64d3024797becd8169f2d21005,,False,4.0,Psych4Truth,,0.51337725,workload1_entailment,,
e0a73ea1ed01476c883db5f95bedf58f,2,#TrumpIsOurPresident #NoPervertedBidenCrimeFamily #DemsInChains #TheFireDownBelow #TrumpForAmerica,20201129021237.0,f24a65d0a2c54619b1efde4319045d3c,,False,3.0,Jeremysimpkins738,,0.36995715,workload1_entailment,e0a73ea1ed01476c883db5f95bedf58f,1.0
17fc883574fd485e8d3681b1f729e5c7,2,#Trump #Trump2020 #2020 #2020election #BOOM #MAGA #Republicans #Democrats #Dominion #ballots #corruption #Vote #Election #fraud #fakenews #media #Biden #news #politics #stopthesteal #treason #justice #hunterbiden #greatawakening #patriots #digitalwarriors #savethechildren #saveourchildren #pizzagate #pedogate #obamagate #obama #hillary #electionfraud #voterfraud #recount #keepamericagreat #america #freedom #USA #conservative #cryingliberals #joebiden #DJT #Donaldtrump #DOJ #censorship #Vaccine #vaccines #bigpharma #bigtech #bigtechcensorship #instagram #facebook #BLM #ANTIFA #twitter #twexit #coronavirus #masks #COVID19 #China #chinavirus #ccp #deepstate #NWO #newworldorder #greatreset #bidencrimefamily #soros #hunterlaptop #draintheswamp #Q #qanon #truth #kraken #SCOTUS #whitehouse #biblical #1776 #america #love #God #parler #memes #follow @justthetipq,20201128203838.0,35124b307155419095338e2df4bd1fd3,,False,12.0,justthetipq,,0.6538322,workload1_entailment,,
3db384ed09d8473abed771b42b24f8dc,2,Will be About TimeAnd I TRUST PRESIDENT TRUMP 2020. And. He will DRAIN THE SWAMP🇺🇸,20201108134804.0,c37d1140459d4146becb8095c1d6f567,,False,64.0,Cookievanbeveren,,0.37602416,workload1_entailment,,
723159f5a34b48a68a4ffa34569ed96d,2,REPORT: Cash-for-Votes Scheme Revealed in Several Battleground States - Conservative Journal ReviewECHO ECHO ECHO!!!!!!! Make this go viral!Stand With President Trump#Trump2020LandslideVictory #Trump2020Landslide #Trump2020 #TRUMP2020ToSaveAmerica #AmericaFirst #VoteRed2020 #VoteRedToSaveAmerica2020 #VoteRedToSaveAmerica #RedWave #RedWave2020 #WeThePeople #1A #2A #2AShallNOTBeInfringed #NRA #USA #PJNET #AllLivesMatter #StandUpForAmerica #TrumpRally #TrumpRally2020 #SCOTUS #SupremeCourt #PromisesMadePromisesKept #PromisesKept #stopthesteal #StopTheCoup #4MoreYears #FourMoreYears #AuditTheVote #AuditTheVotes #AuditTheElection #AuditTheBallots #LegalVotesOnly #CountEveryLegalVote #OnlyLegalVotes #DeclassifyEverything #DominionVotingSystems #GodWins #HoldTheLine #ILoveAmerica #DoNotConcede #SwampPanic #FightBack #BidenCheated #BidenCheats #echo #viral #Trending #Trend,20201203181603.0,4cec21e61e90456ea5c64f1f738c180a,,False,21.0,Darkman3500,,0.93113095,workload1_entailment,,
c2d18924d0134162a312e36a587ac217,2,"Unlike failed Democrats, Trump’s DOJ investigation into voter fraud is turning BIG RESULTS!ECHO ECHO ECHO!!!!! Make this go viral!Stand With President Trump#Trump2020LandslideVictory #Trump2020Landslide #Trump2020 #TRUMP2020ToSaveAmerica #AmericaFirst #VoteRed2020 #VoteRedToSaveAmerica2020 #VoteRedToSaveAmerica #RedWave #RedWave2020 #WeThePeople #1A #2A #2AShallNOTBeInfringed #NRA #USA #PJNET #AllLivesMatter #StandUpForAmerica #TrumpRally #TrumpRally2020 #SCOTUS #SupremeCourt #PromisesMadePromisesKept #PromisesKept #stopthesteal #StopTheCoup #4MoreYears #FourMoreYears #AuditTheVote #AuditTheElection #AuditTheBallots #LegalVotesOnly #CountEveryLegalVote #DeclassifyEverything #DominionVotingSystems #GodWins #HoldTheLine #echo #viral #Trending #Trend",20201112060927.0,4cec21e61e90456ea5c64f1f738c180a,,False,54.0,Darkman3500,,0.83864135,workload1_entailment,,
f0a7f7d3e9ed44579cfd49160300a702,2,People must vote in Georgia. The left want the voters to stay home. President Trump is fighting for the United States with every ounce of strength. The left want to bring you down and control us. We must vote in Georgia!!!! President Trump will continue to fight too. He’s not stopping and we are not stopping either!! Vote republican in Georgia!!!,20201203230730.0,4404d893ab6a474b925b32ea33d8c304,,False,3.0,DeborahWright,,0.32615405,workload1_entailment,f0a7f7d3e9ed44579cfd49160300a702,1.0
f267dede12684080ab052b38050185db,2,"I’m here again with the last Trains today Patriots. These are exciting Trains, & will be the first time I post our New Conductor🚂 @Blondies45 Her trains are truly great with lots of Patriots! #BlondiesTrains are full! Let’s give a Very Warm Welcome with a Patriot Cheer 📣 for joining in & Uniting is #BlondiesTrain21 so hop aboard & meet the Great Patriots she has for us. FOLLOW ALL, UPVOTE, AND ECHO! Join me in giving our lovely new Conductor🚂 @Blondies45 our best welcoming HUGS❤️🌷 for working so hard⭐ 🇺🇸 Please do not forget to FOLLOW her & if you want notifications please ring the bell.🔔 Please Stand as one with @Blondies45 as #StrongPatriots to #Pray4TrumpsLegalTeam & fight like hell to #KeepOurFreedom & #FlipTheVote because #WeWILLPrevail & #TrumpWillRemainPresident It’s time #StandAsOne and give ‘em HELL! Enjoy the Ride! #BlondiesTrains #cd9tc #StopTheSteal #RELEASETHEKRAKEN #GodBlessAmerica Patriots.Next",20201121231445.0,760679265417473cac707531178a7e74,,False,18.0,Stand4America,,0.3268568,workload1_entailment,,
69d2461913bf4ee8b788962135a37af2,45,"Please don't be concerned when Florida first announces results. These will be the net of the early voting which had Biden far ahead. Republicans are now ahead of Democrats by over net 200,000 votes in Florida. Just wait for it Trump will catch up and surpass Biden and win.",20201103232013.0,23b4d63be875bf14578e5df5133444c8,,False,472.0,mitchellvii,,0.55036795,workload1_entailment,69d2461913bf4ee8b788962135a37af2,12.0
4c10499db1a04ef18f7027afdfdabec4,41,"Trump up 200, 000 in Michigan right now. Hannity reported earlier that turn out in Detroit was really really bad. We'll see if Detroit doesn't say Biden, Trump is going to win Michigan.",20201104032728.0,23b4d63be875bf14578e5df5133444c8,,False,590.0,mitchellvii,,0.38958237,workload1_entailment,4c10499db1a04ef18f7027afdfdabec4,6.0
1322d6ec08a3405bbea8e473aea0803b,36,VOTE FOR TRUMP!,20200903172140.0,160b5671767c40a394d04e1dc5bab85a,,False,304.0,ConsPatriot,,0.6114455,workload1_entailment,1322d6ec08a3405bbea8e473aea0803b,8.0
92198e647ce54715bd93ce2f300edbdc,29,Watch Trump pull through and win 🇺🇸🇺🇸🇺🇸🇺🇸🇺🇸🇺🇸🇺🇸🇺🇸🇺🇸🇺🇸🇺🇸🇺🇸🇺🇸🇺🇸🇺🇸🇺🇸🇺🇸🇺🇸🇺🇸🇺🇸🇺🇸🤣 #trump #trump2020 #countrygirl #country #merica #homeofthefreebecauseofthebrave,20201109042414.0,1f8f2412d4bd4de6a28f266e97361223,,False,80.0,ItsLittleRach,,0.89331037,workload1_entailment,92198e647ce54715bd93ce2f300edbdc,5.0
b867550d2f4f4826b8b7f7c97c474dad,8,If this was the love of your life with stage 3 cancer would you not still defend this world? SHE DOES! Trump 2020 with every breath. SAVE THE CHILDREN,20200812130333.0,fd0c93cae43145bcaa59c09f2970fd8e,,False,19.0,Blackcockatoo,,0.35638148,workload1_entailment,b867550d2f4f4826b8b7f7c97c474dad,3.0
351cb4e848a04d87a980eb46faf35524,8,#TRUMP #TRUMP2020 #PresidentTrump #America #MAGA #KAG #USA #BacktheBlue #Republicans #Democrats #WomenforTrump #MexicansforTrump #FakeNewsMedia #EnemyofthePeople #CancelCulture,20200929003817.0,20039929947b40788943b6d52f658e7d,,False,224.0,tjf2020,,0.38136867,workload1_entailment,,
e80595247bab4488b5b5f8f8b1850d07,7,#standupfightback #fightback#voteredtosaveamerica#TRUMP2020#WWG1WGA,20200901233400.0,2ed7ad784dd248099d436ca65787a610,,False,148.0,truepatriot1,,0.76678836,workload1_entailment,e80595247bab4488b5b5f8f8b1850d07,2.0
9005782d45074cd5b2a391cc3be88def,7,Trump 2020 🇺🇲🇺🇲🇺🇲🇺🇲🇺🇲🇺🇲🇺🇲🇺🇲🇺🇲🇺🇲🇺🇲🇺🇲🇺🇲#obama #barackobama #barack #biden #kamala #phonykamala #harris #kamalaharris #nafta #usmca #Michigan #pennsylvania #newjersey #NewYork #california #Cuomo #tomwolf #philmurphy #Whitmer #Newsom #corona #Covid19 #covid #chinesevirus #wuhanflu #wuflu #nursinghomes #nursinghomegate #2020 #TRUMP #TRUMP2020 #MAGA #KAG #meme #memes #Parler #Democrats #Democrat #Republican #Republicans #communism #socialism #communist #socialist #Capitalism #capitalist #treason #America #americans #anarchists,20200823145203.0,aa391a092bc04ffdb2deb37f0576d2a2,,False,46.0,PennsylvaniaGazette,,0.3164782,workload1_entailment,9005782d45074cd5b2a391cc3be88def,1.0
c301ebc4d8664baaa3dc0c3a4252dfdf,7,"The world it’s in awe, worriment and indignation how the USA, the biggest Democratic Power, succumbs under these unscrupulous and ambitious anti patriotic, cynical corrupt and fallacious Politicians of the Democratic Party which have conspired with CHINA RUSSIA AND THE UKRAINE like the BIDENS, JOE AND HUNTER.......OBAMA CLINTONS PELOSI SCHIFT SCHUMMER FEINSTEIN ETC.......They, together with a dark and depraved entity like SOROS and conspiring with media like CNN, are destroying an American Civil Society that loves LIBERTY AND PROGRESS in order to subjugate it, controlling it by means of ELECTORAL FRAUD and MASIVE CORRUPTION trying to impose a SOCIAL AND POLITICAL DOCTRINE OF NAZISM AND STALINISM INSPIRATION.THE PEOPLE OF AMERICA KNOWS THAT THE GREAT PRESIDENT DONALD TRUMP CAN SAVE USA AND DE DEMOCRATIC CIVILISATION. MAGA FOR EVER...!!!",20201219002741.0,b032ba05e75e4843b6619e18dbc46974,,False,18.0,JUANMORALISTA,,0.7391941,workload1_entailment,c301ebc4d8664baaa3dc0c3a4252dfdf,1.0
776cf19b05b44a3abd0c3d7db2edc7c3,6,The KRAKEN has been released. The EVIDENCE is mounting. More & more people are ACCEPTING the evidence. Trump's GOT THIS!!! :) winning :),20201202184620.0,dbb4755487df48419e5fa6873072562b,,False,106.0,EagleEye2,,0.687918,workload1_entailment,776cf19b05b44a3abd0c3d7db2edc7c3,2.0
9596f508c2064a7ea97d49fa69704620,6,Trump is showing leadership in the midst of this pandemic and his critics can’t stand it! #coronavirus #trump2020 #teamtrump,20200313001605.0,cb6ca631fa084725af68ffcab4575767,,False,88.0,Dougwead,,0.40196165,workload1_entailment,9596f508c2064a7ea97d49fa69704620,2.0
69ae291342fd4ad9bdf30b4ac309737d,6,"TRUMP VICTORY! SUPREME COURT gives Trump decisive victory: ruling rejected asylum seekers have NO right to object in court. (Hamas-Linked CAIR is LOSING their minds!) The 7-2 decision today ruled that those who fail their initial asylum screenings will be eligible for “expedited removal,” essentially allowing the administration to immediately deport them without allowing them to make a case in front of a federal judge.",20200626041014.0,cdff1e82aaaa4ec0ac15c078a8ac305c,,False,122.0,Amymek,,0.33415276,workload1_entailment,69ae291342fd4ad9bdf30b4ac309737d,1.0
becf087baf7b46efb09851731cbef8d1,6,"I’m here again with the last Trains today Patriots. These are exciting Trains, & will be the first time I post our New Conductor🚂 @Blondies45 Her trains are truly great with lots of Patriots! #BlondiesTrains are full! Let’s give a Very Warm Welcome with a Patriot Cheer 📣 for joining in & Uniting is #BlondiesTrain22 so hop aboard & meet the Great Patriots she has for us. FOLLOW ALL, UPVOTE, AND ECHO! Join me in giving our lovely new Conductor🚂 @Blondies45 our best welcoming HUGS❤️🌷 for working so hard⭐ 🇺🇸 Please do not forget to FOLLOW her & if you want notifications please ring the bell.🔔 Please Stand as one with @Blondies45 as #StrongPatriots to #Pray4TrumpsLegalTeam & fight like hell to #KeepOurFreedom & #FlipTheVote because #WeWILLPrevail & #TrumpWillRemainPresident It’s time #StandAsOne and give ‘em HELL! Enjoy the Ride! #BlondiesTrains #cd9tc #StopTheSteal #RELEASETHEKRAKEN #GodBlessAmerica Patriots.Next",20201121231115.0,760679265417473cac707531178a7e74,,False,86.0,Stand4America,,0.33133128,workload1_entailment,becf087baf7b46efb09851731cbef8d1,1.0
0d36fd4084c64495b64ad950da2f61ae,5,I'm with you 💯% on the confusion part these mercenaries orchestrated by the Democratic party of corruption and funded by soros are creating chaos and havoc NOTICE ALL THESE STATES RUN BY 🏃‍♂️ democrats will keep looting burning and murdering anyone they don't care what your age is what your religion is nor what race you are certainly not your political party is they're attacking Governor and mayors who stood by and let them destroy their own neighborhoods some of the businesses were black businesses killing babies and so many black on black murders in Chicago THESE MERCENARIES WILL NOT STOP UNTIL THE MONEY STOPS IT'S TIME TO GET RID OF THE CANCEROUS DEMOCRATIC PARTY OF CORRUPTION VOTE them out VOTE TRUMP PRESIDENT VOTE RED 🗳 WAVE SAVE AMERICA 🇺🇸 FROM SOCIALISTS COMMUNUNIST MUSLIM DICTATORSHIP ☪️ DON'T GET COMPLACENT GET OUT AND VOTE 🗳 DON'T GIVE INTO DIRTY MONEY TRUMP DOESN'T TAKE DIRTY MONEY DONATIONS,20200924193951.0,12feefacc6af4fe4a726da445e90bb21,,False,4.0,wallace09,,0.7995596,workload1_entailment,,
7dabd40ea6b64500a5d31eefb1c72227,5,WE ARE A CONSTITUTIONAL REPUBLICNot a Dominion Rigged BANANA REPUBLIC!!!End the Coup.ALGORITHM Shaving is for BANANA REPUBLICS. #declaremartiallawnow emartiallawnow ▪︎▪︎▪︎SOUND THE TRUMPETS!PRESIDENT Trump won by a Landslide!@TommyRobinson @linwood @KTHopkins @candace @SheriffClarke @drshiva @X@X22ReportOfficial portOfficial,20201213183635.0,e11890c2ffc348df9cb703651a3cc9c0,,False,19.0,LibertyElaine,,0.38736278,workload1_entailment,7dabd40ea6b64500a5d31eefb1c72227,1.0
12b72d50ba5241efa9aba90a6bf782c8,5,#voteredtosaveamerica #trump2020 #spamthetruth #voterepublican #wwg1wga,20200821212613.0,48c9e4ddea1f425495fb8360cd99188c,,False,81.0,Barberoso,,0.66189533,workload1_entailment,12b72d50ba5241efa9aba90a6bf782c8,3.0
592e7718fdca4ec2bd4f31ee1e8d2a49,4,FIGHT FOR TRUMP!,20201219170502.0,b1eb077d092d4c17b11e6b5cb7c9bc45,,False,41.0,ThePatriotHammer,,0.49053466,workload1_entailment,,
2f6eff23c529460fa64a24b737f486d4,4,This is Trumptastic!!!♥️💪🇺🇸,20200712163041.0,d57c9300bfb3452c8757937a23ffa489,,False,90.0,Jjcrenza,,0.33130074,workload1_entailment,,
f4212b5aeee54488b5c0b84c20759e13,4,#trumpwon,20201206071730.0,11caffddf11b4439aa2b5a412f93f1f4,,False,23.0,Mishellespry,,0.5410308,workload1_entailment,f4212b5aeee54488b5c0b84c20759e13,2.0
097421d9a67c4ed6be3eea9ae5cee794,4,Trump card,20201124002841.0,c1c2a724d84d45cb8930945d20725e2e,,False,30.0,Michaelhouser7213,,0.61130667,workload1_entailment,097421d9a67c4ed6be3eea9ae5cee794,2.0
5ce940c71e354c64ba8c84ce9f8401de,4,#MAGA all day everyday! Never give up Patriots! #trump2020,20201109033603.0,05a97fe5e7be450db6f9c744a0d8d3aa,,False,132.0,rickyrebelrocks,,0.300564,workload1_entailment,,
a005104adb0a46ada8b71ba2150216c8,4,My plank backs Trump 2020! 🇺🇸🇺🇸🇺🇸,20190804053916.0,c06b9b50180144919f3ca0993c1f57d0,,False,1.0,Ivystrings,,0.39826965,workload1_entailment,,
8c08aa1fe62e4d3da78030ab5deff47c,4,#Trump #patriot #Patriots #iii #MAGA2020 #KAG2020 #VoteRedToSaveAmerica #MAGA #KAG #SupportOurPresident #potus #potus45 #Trump2020 #VoteRed #TrumpTrain2020 #WWG1WGA #MAGA2KAG #TRUMP2020LANDSLIDE  #TakeBackTheHouse #q #IStandWithTrump #QAnon #QArmy #NRA #usa #veterans #oathkeepers #bikersfortrump #copsfortrump #supportthe2nd #savethe2nd #secondamendment #landofthefree #constitution #livefreeordie #gunssavelives #2ndamendment #2ashallnotbeinfringed #patriotsunited #concealcarry #gunsofparler #civilwar2 #unitedwestand #wakeupamerica #JUSTICEISCOMING #IMPEACHMENT #DEPLORABLES #PRESIDENTTRUMP #USA #1a #2a #uscca #Ar15 #IMMIGRATIONFRAUD #PATRIOTSAWAKENED #TRUMP2020 #USA #KEEPAMERICAGREAT #FAKEIMPEACHMENT #IMPEACHMENTHOAX #FISA #LOCKTHEMUP #UKRAINEHOAX #truthwillsetyoufree #WeThePeople #FAKENEWS #patriots #america #truth #USA #keepamericagreat #conservatives #liberty #backtheblue #police #policefortrump #jfk #jfkjr,20201103034322.0,674fdf3db68541c484d073e90387234c,,False,113.0,MacPrivilege,,0.33460948,workload1_entailment,8c08aa1fe62e4d3da78030ab5deff47c,1.0
920e3a82f51b4183a910d2ee86a05bc4,4,#trumpwon,20201201195321.0,11caffddf11b4439aa2b5a412f93f1f4,,False,53.0,Mishellespry,,0.54103214,workload1_entailment,,
a8b02f9feee04372b15f10be1903f5a8,4,TRUMP 2020 MOTHER FUCKERS 👍👍✊✊👏👏💖💖,20200802221019.0,df38da7143a742e2ac019d091a9d3d30,,False,13.0,EelHk2017,,0.36332795,workload1_entailment,a8b02f9feee04372b15f10be1903f5a8,1.0
1e81958aadae49cd8ae77d7c52929e7d,4,"YUP BILL GATES, SINCE YOU DEFEND CHINA SO MUCH YOU OUGHT TO MOVE THERE AND SEE WHAT KIND OF FREEDOMS YOU ""CRITICIZING"" THEIR PRESIDENT. YOU RICH F**KS DON'T UNDERSTAND THAT YOUR MONEY DOESN'T BUY RESPECT. #FIGHTFORTRUMP #TRUMP2020 #MAGA #AMERICAFIRST #STOPTHESTEAL #LIVEFREEORDIE ECHO ECHO ECHO #WWG1WGA #WETHEPEOPLE WINNING WINNING WINNING",20201228180015.0,4e274e8159f04a1294dd28c0c4a219e0,,False,8.0,BGY13,,0.32762563,workload1_entailment,,
05f2cdd75f0c419e9f2497af0c1dfe3b,4,#Trump #patriot #Patriots #iii #MAGA2020 #KAG2020 #VoteRedToSaveAmerica #MAGA #KAG #SupportOurPresident #potus #potus45 #Trump2020 #VoteRed #TrumpTrain2020 #WWG1WGA #MAGA2KAG #TRUMP2020LANDSLIDE  #TakeBackTheHouse #q #IStandWithTrump #QAnon #QArmy #NRA #usa #veterans #oathkeepers #bikersfortrump #copsfortrump #supportthe2nd #savethe2nd #secondamendment #landofthefree #constitution #livefreeordie #gunssavelives #2ndamendment #2ashallnotbeinfringed #patriotsunited #concealcarry #gunsofparler #civilwar2 #unitedwestand #wakeupamerica #JUSTICEISCOMING #IMPEACHMENT #DEPLORABLES #PRESIDENTTRUMP #USA #1a #2a #uscca #Ar15 #IMMIGRATIONFRAUD #PATRIOTSAWAKENED #TRUMP2020 #USA #KEEPAMERICAGREAT #FAKEIMPEACHMENT #IMPEACHMENTHOAX #FISA #LOCKTHEMUP #UKRAINEHOAX #truthwillsetyoufree #WeThePeople #FAKENEWS #patriots #america #truth #USA #keepamericagreat #conservatives #liberty #backtheblue #police #policefortrump #jfk #jfkjr,20201108122506.0,674fdf3db68541c484d073e90387234c,,False,27.0,MacPrivilege,,0.33460948,workload1_entailment,05f2cdd75f0c419e9f2497af0c1dfe3b,1.0
720b306169af4cbba26e2a268dc8769f,3,"The ONLY way We The People can participate in government, the ONLY voice We The People have, the ONLY relevance We The People can exert is OUR VOTE! For the Democrats and Soros to blatantly subvert the election, gag the voice of We The People, Is nothing more than a poorly veiled overthrow of the country, tantamount to WAR! When the Pravda media becomes openly conspiratorial it now becomes not just a putsch but sedition and insurrection! The will of We The People has become muted, our only means of participation has been used as the tool of sedition. We The People have been left with only one recourse, to physically exercise our constitutional right to take back out Republic. Pennsylvania has fallen by treachery There is very little doubt of the outcome. I will not live in another socialist regime, Harris will be Obama on Marxist steroids. Bless President Trump. he was betrayed, not by We The People, but the government. They must be dealt with Sic Semper Tyrannis! Hang them all!",20201107032247.0,76a050fd82a54209aa8e05eb471ea595,,False,0.0,DocBurnett,,0.32327095,workload1_entailment,,
6e55044e45ed4ba7971033d35fe3d58a,3,#TRUMP2020Landslide ! Do your part...,20200721225610.0,8634b0d100aa4d21845df872f559b4b1,,False,19.0,conservativeKaren,,0.41007954,workload1_entailment,6e55044e45ed4ba7971033d35fe3d58a,1.0
c0a5ed97ad55451cbf5462a259237351,3,Winning with Trump,20200819215215.0,733678e8ece545d9a3786494fb5f11ea,,False,2.0,ConcernedCitizen247,,0.5482143,workload1_entailment,c0a5ed97ad55451cbf5462a259237351,1.0
57d04697424647dfa0d3a3dec49a124e,3,@TeamTrump,20200731123200.0,e11890c2ffc348df9cb703651a3cc9c0,,False,6.0,LibertyElaine,,0.5109725,workload1_entailment,,
3923e056aef040579ca7e0c9dc661cc1,3,I choose Trump!,20200807001336.0,87d97ed256cb4450aa75a789e2d5c8a2,,False,17.0,RightoftheRight,,0.6273839,workload1_entailment,,
ccd24c5415e3442ab760d83bc20855df,3,#TRUMPWON🇺🇸 #maga #kag #trump2020 @RudyG #censorship #savethechildren #jfk#stopthesteal #election2020 #ccp #potus45 #fightback #freedom #sidneypowell #greatawakening #nevergiveup #voterfraud @TheProudBoys #electionfraud #trumparmy #infowars #americafirst #17 #qarmy #obamagate #2ndamendment @teamtrump #holdtheline@EricTrump #agenda21#bikersfortrump#greatestpresidentever #molonlabe #fakenews#weloveyou #pedogate #hcqworks #maga2020 #ghislainemaxwell #kag2020 #trump #poyb #usa #wethepeople #wwg1wga #wwg1wgaworldwide #qanonworldwide @GenFlynn #treason #pizzagate #dominion @DanScavino45 #mailinballots #warroompamdemic #satanicelite @JoePags #riggedelection @WarRoomPandemic #billgates #vaccines #childsextrafficking #bigtech #1776 #socialism #military#epsteinisland #bidencrimefamily #digitalsoldiers #qanonarmy #patriots #wakeup #trumptrain @JennaEllisEsq #communism #satanicpedophiles #parler #bigtech @SidneyPowell @QAnon76 @QanonLV @DigitalSoldier17 @StormIsUponUs @linwood,20201215003235.0,d8351de608ea4442a8feeb58c4bd191a,,False,5.0,Reeseysnotsorry,,0.3982518,workload1_entailment,,
957d7884bbd0420284e782315c520c67,3,Facebook Forced to Issue Correction After Humiliating Challenge – United We StandECHO ECHO ECHO!!!!! Make this go viral!Stand With President Trump#Trump2020LandslideVictory #Trump2020Landslide #Trump2020 #TRUMP2020ToSaveAmerica #AmericaFirst #VoteRed2020 #VoteRedToSaveAmerica2020 #VoteRedToSaveAmerica #RedWave #RedWave2020 #WeThePeople #1A #2A #2AShallNOTBeInfringed #NRA #USA #PJNET #AllLivesMatter #StandUpForAmerica #TrumpRally #TrumpRally2020 #SCOTUS #SupremeCourt #PromisesMadePromisesKept #PromisesKept #stopthesteal #StopTheCoup #4MoreYears #FourMoreYears #AuditTheVote #AuditTheVotes #AuditTheElection #AuditTheBallots #LegalVotesOnly #CountEveryLegalVote #OnlyLegalVotes #DeclassifyEverything #DominionVotingSystems #GodWins #HoldTheLine #ILoveAmerica #DoNotConcede #SwampPanic #FightBack #BidenCheated #BidenCheats #echo #viral #Trending #Trend,20201130160426.0,4cec21e61e90456ea5c64f1f738c180a,,False,36.0,Darkman3500,,0.8750468,workload1_entailment,957d7884bbd0420284e782315c520c67,1.0
888d5c0d172744cc8144ab89c16ca42c,3,"BLAH BLAH BLAH.......so what, all evidence we know BUT NONE OF THESE criminals are being raided by FBI army like they did to Gen. Flynn, Roger Stone, Popadopalas? WHAT DOES IT TAKE TO SEND THEM TO JAIL? Radical violent, Resistance socialist dems and Revengeful TDS snowflakes prefer china over AMERICA...I find this so unpatriotic it's sadening! #KAG2020Promises Made & Promises Kept is Pres. TRUMP's presidency! America voted for a fighter, Patriotic champion & will vote again #KAG2020! Despite attacks, lies, hate propaganda 24/7 spewed by leftist radical socialist dems, LSM media & antifa the real Fascist. Pres. TRUMP prevails for all Americans even on the world stage! #MAGA!",20190829171304.0,460142419ab84cb28837e840cc68da1d,,False,6.0,1Surfaben,,0.58311844,workload1_entailment,,
a6e32cb177d24086868e5e9dd3806a31,3,⚔️❤️🇺🇸🦅💪🏻🙏🏻👊🏻⚔️Seven trumpets🎺🎺🎺🎺🎺🎺🎺#patriots #america#stopthesteal #magarally #supporttrump #kag #trump2020 #1776#americafirst #dominion#maga #maga2020 #wwg1wga #kag2020 #thesepeoplearesick #bidencrimefamily #frazzledrip #pedowood #democratcriminalcabal #election2020 #teamtrump #pedogate #obamagate#GODWINS #mailinballots #whereshunter #laptopfromhell #treason #holdtheline#nevergiveup #electionfraud #ghislainemaxwell @davidwilliams128#poyb @TheProudBoys #thesepeopleareevil 🇺🇸 #freedom #epsteindidntkillhimself#USA #truth #factsmatter #missing #tunnels #childsextrafficking#humantrafficking#trump #potus #clintonbodycount@teamtrump#SidneyPowell#warroompandemic#voterfraud #electionfraud #greatestpresidentever#infowars #releasethekraken#digitalsoldiers#wakeupamerica #walkaway @Qanon #qanonarmy#GodblessAmerica #bennyjohnson #HowieCarr #bigtech #Trump2020landslide@EricTrump #Trumptrain Don’t lockdown🔥IT IS NOT THE LAW‼️#fightback in masses,20201121000605.0,d8351de608ea4442a8feeb58c4bd191a,,False,79.0,Reeseysnotsorry,,0.43289247,workload1_entailment,a6e32cb177d24086868e5e9dd3806a31,1.0
08d6bfeca5aa4bc5b0b65a6a7b3a9da5,2,🦅💯#Trumpwon🇺🇸🦁🎺Jan6beinDC❣️#crosstherubicon#patriots #lioness#maga #kag #trump2020 #proudboys #censorship #america #savethechildren #stopthesteal #elections2020 #potus45 #fightback #freedom #holdtheline #kraken #nevergiveup #voterfraud #electionfraud #americafirst #obamagate @teamtrump #fakenews#greatestpresidentever #molonlabe #weloveyou #pedogate #maga2020 #kag2020 #trump #poyb #usa #wethepeople #wwg1wga #qanonworldwide @GenFlynn #treason #pizzagate #dominion @DanScavino45 #warroompandemic #satanicelite #riggedelection #childsextrafficking #bigtech #1776#military #pedovores #tyranny#bidencrimefamily #digitalsoldiers#wakeup #trumptrain #communism #satanicpedophiles #solarwinds #hrc #constitution #constitutionalrepublic #epsteinisland #donaldtrump#1a #2ndamendment#godwins #parler #nomasks #lockdowns#theyareallconnected #cannibals #sayit #holdthelinepatriots #adrenochrome#teamtrump#silentnomore#fighfortrump #deepstate #draintheswamp#06jan,20201223010538.0,d8351de608ea4442a8feeb58c4bd191a,,False,3.0,Reeseysnotsorry,,0.35829297,workload1_entailment,,
64616dc1595342019a3a196fe34727c9,2,Not going to happen...Trump will see to it..,20201109202954.0,1c03467171604e5f971d68b386ff99ba,,False,10.0,Virtualunwinds,,0.44228762,workload1_entailment,,
e9589941a88f477ab020e00d9a915158,2,🙏🏻🇺🇸TRUMP 2020🇺🇸🙏🏻,20201222141751.0,48161e4db7554589990e91e328ad900e,,False,11.0,BMoore1,,0.49246666,workload1_entailment,,
e4de66f6094a4b12bea5e4ee5aebf0b7,2,Hey 👋 Democrats!Are you tired of being lied to?GO TRUMP! 👍,20200909134347.0,2d3ca415ca974b1da10686bdf79be385,,False,58.0,Jimwoods2,,0.39540875,workload1_entailment,,
e71d3a267bb64c79becee123aff22378,2,@TeamTrump,20201106114450.0,cff902de8213412a9531494a30942e4a,,False,5.0,Garywjoy,,0.51097035,workload1_entailment,,
17ea62d46f074bfe909bcdbaa9cbfb15,2,"GOP Electors In All 7 Swing States Cast Votes For President Trump, Opening Way For a 12th Amendment Trump Victory!#keepamericagreat #trump #trumptrain #donaldtrump #trump2020 #usa #uselection2020 #bestpresidentever #godblessamerica #godblesspresidenttrump#maga2020 #votetrump #republican #conservative #ny #texas #arizona #california #florida #stopthesteal #electionfraud2020 #freshamericannews #sidneypowell #bidencheated",20201215214652.0,b3a1d40fc83f454d8e9b9a2a70d78b03,,False,16.0,lisabrooks10,,0.45087975,workload1_entailment,,
45ddb0cfbdb74acfa7319fa8062177a2,2,"@GenFlynn @mflynnJR -Judge Emmet Sullivan is a prime example of the #Rogue Partisan Judiciary as is The Commonwealth of Pennsylvania Supreme Court.j who ust made a mockery of their Institution. But what amazes me most about our Country is that there are never any repercussions for the #Rogue members of the #Judiciary. The #NinthCircut and #StateSupremeCourts are prime examples. They are duty and duly bound to follow the law and the Constitution. This mess needs cleaned up, as a matter of fact, for me anyway, it's #Priority #1. Even Reuters finds Judicial Misconduct rampant (see attached), but the panels of Appeals Courts and State Supreme Courts cockeyed decisions are highly partisan. Partisan acts have no place in the Judiciary. FULL STOP. Bad /Partisan Judges need to be removed and held accountable. #MAGA #trump2020landslide #patriots",20201129161958.0,9522d99fc9ea4c20bd55f72ded19e2f9,,False,41.0,PeteLeansRight,,0.70950454,workload1_entailment,45ddb0cfbdb74acfa7319fa8062177a2,1.0
5a5f440a13464b0ab387f6002415fc9a,2,YASSSSS!!!!! F that KENYAN! #Trump2020 #MAGA,20190718011410.0,2d8f5007fd8445e4b6f349906ffe007a,,False,0.0,TrumpsGucciGirl,,0.44119775,workload1_entailment,,
8c46680979cf4152897855800fb168e6,2,Absolutely yes! #qanon #trump2020 #maga #voteredtosaveamerica,20200630182704.0,eee8a238318642dcb09e1be5891cd84e,,False,3.0,Amberwheeles,,0.93464196,workload1_entailment,8c46680979cf4152897855800fb168e6,2.0
131c36cbb7654bfe92356de7aa63aadd,2,"Soros funded Democrats agenda: deny, deflect, distract, disarm, divide, defund, destroy and make Americans dependent on big government handouts. Sheep running to slaughterPatriots, rise up and be silent no longer #trump2020 #voteredtosaveamerica #backtheblue #2ashallnotbeinfrindged",20200719024043.0,524854e849b2470aa239e14d359477da,,False,6.0,Justusfarms19,,0.8406547,workload1_entailment,,
c99a0b7285c949c8a4a769cb30746341,2,⭐️⭐️⭐️#wwg1wga #wwg1wgaworldwide #trumptrain #trump2020 #voteredtosaveamerica #votetrump2020 #vote #maga #ifollowjesus #keepamericagreat #patriots #q #qanon #qanonpatriots #parler #parlerusa,20200630212629.0,4e280139655741c3b7b032ea8dffddcf,,False,58.0,IkeB,,0.4411277,workload1_entailment,c99a0b7285c949c8a4a769cb30746341,1.0
a79b9746c3044688b8958822432917c3,2,#trumpwon,20201114160917.0,11caffddf11b4439aa2b5a412f93f1f4,,False,16.0,Mishellespry,,0.54103214,workload1_entailment,,
600cd96c510943428c27ec896d95d723,2,#gitmobay#trumpwon,20201217040457.0,11caffddf11b4439aa2b5a412f93f1f4,,False,31.0,Mishellespry,,0.34418356,workload1_entailment,600cd96c510943428c27ec896d95d723,1.0
971f4e5e173e4bc09fe691b446b11741,2,Trump 2020 🇺🇸🇺🇸🇺🇸🇺🇸,20200904181054.0,6cf5791bf6584f37ba6754e749d245db,,False,16.0,Guerracarlos,,0.5783434,workload1_entailment,,
87431d296289426c99ac157bc178ab1c,2,Great ! Can't wait !#trumpwon,20201111085725.0,11caffddf11b4439aa2b5a412f93f1f4,,False,37.0,Mishellespry,,0.6048661,workload1_entailment,,
f0da2a9c881942bf95fe01d0f61be627,2,RIGHT ON! 👍GO TRUMP! 👍,20200928223303.0,2d3ca415ca974b1da10686bdf79be385,,False,7.0,Jimwoods2,,0.49096683,workload1_entailment,f0da2a9c881942bf95fe01d0f61be627,1.0
987a6ceb9bfe4bf1ba8112f8977b6c8c,2,"Trump will easily beat this. This is a mere formality, we’re on God’s timeline. Our focus should be making the truth about dealing with this alien china virus transparently. Huge opportunity for good! GOD IS WITH US!",20201002072925.0,f1c6851c95c98c2d2af35eec0c9cc635,,False,25.0,Ali,,0.58275783,workload1_entailment,,
d5b9013fa02647fb82f3f07b376e9c92,2,Why Mr. President? why? they torched those forest!! they were caught red-handed !!! hard to feel any empathy for California I’m sorry it’s just hard! they keep voting for socialist communist Marxist officials to represent them and this is what you get! show us you care about the rest of the country this time !...you must vote for The Man !!Re-elect Donald J Trump do it California !!! do you like living like that? It’ll be a great day for this country when California goes red!,20201017145920.0,de9fa228feb64fd582ac571af962ad5f,,False,2.0,Standingtallusa,,0.3310546,workload1_entailment,,
b777e91684944e5aa463ba635ea444db,2,#TRUMP #TRUMP2020 #PresidentTrump #America #MAGA #KAG #USA #BacktheBlue #Republicans #Democrats #WomenforTrump #MexicansforTrump #FakeNewsMedia #EnemyofthePeople #CancelCulture,20200926215055.0,20039929947b40788943b6d52f658e7d,,False,28.0,tjf2020,,0.3813688,workload1_entailment,,
5d471b9a59ee4b3e8e3956ad889c626e,2,TRUMPENCE 2020❤️💙❤️🇺🇸🎉,20201006020358.0,1564d98d943b4ab4a1715b1786675576,,False,22.0,Mackie215,,0.50302315,workload1_entailment,5d471b9a59ee4b3e8e3956ad889c626e,1.0
